Ludność w miejscowościach statystycznych według ekonomicznych grup wieku. Stan w dniu 31 III 2011 r.;;;;;;;;;;;;;;;Uwaga;;;;;;;;;;;
Wyniki Narodowego Spisu Powszechnego Ludności i Mieszkań 2011;;;;;;;;;;;;;;;"W ramach każdego województwa wykaz zawiera informację o liczbie ludności wszystkich jednostek terytorialnych , tj. w: 
- powiatach,  a w ramach każdego powiatu w:
   - gminach,  z tym, że oznaczenie przy nazwie:
        -  ""gm. m."" - wskazuje na gminę miejską  (liczba ludności gminy miejskiej - miasta), 
        -  ""gm. m-w."" - wskazuje na gminę miejsko wiejską (liczba ludności w całej gminie miejsko-wiejskiej), 
             w ramach której wyodrębnine jest: 
               - miasto - ""m."" przed nazwą  (liczba ludności na terenie miejskim gminy miejsko-wiejskiej)
               - teren wiejski gminy - ""w."" przed nazwą  (liczba ludności na terenie wiejskim gminy miejsko-wiejskiej). 
          - ""gm. w.""  wskazuje na gminę wiejską  (liczba ludności gminy wiejskiej)      
         W ramach gmin wiejskich oraz terenów wiejskich w gminach miejsko-wiejskich zostały wyspecyfikowane poszczególne miejscowości statystyczne.

Dodatkowo, należy zwrócić uwagę, że każde miasto występuje w wykazie podwójnie, tj. raz - z dołączonym symbolem TERYT (oznaczenie gminy), drugi raz - 
z symbolem SIMC (jako miejscowość).";;;;;;;;;;;
"Województwo
Powiat
Gmina
Miejscowość statystyczna";"Symbol
(TERYT,
SIMC)";Ogółem;Mężczyźni;;;;;;Kobiety;;;;;;;;;;;;;;;;;
;;;razem;w wieku:;;;;;razem;w wieku;;;;;;;;;;;;;;;;
;;;;przed-produk-cyjny;produkcyjny;;;"po-
produ-kcyjny";;przed-produk-cyjny;produkcyjny;;;"po
produ-kcyjny";;;;;;;;;;;;
;;;;;razem;mobilny;nie-mobilny;;;;razem;mobilny;nie-mobilny;;;;;;;;;;;;;
;;;;;;;;;;;;;;;;;;;;;;;;;;
Lubuskie;08;1022843;498180;99726;354026;210128;143898;44428;524663;95008;317614;201983;115631;112041;;;;;;;;;;;;
Powiat gorzowski;0801;68917;34114;7496;24026;14372;9654;2592;34803;7100;21247;13858;7389;6456;;;;;;;;;;;;
gm. m. Kostrzyn nad Odrą;0801011;18070;8889;1960;6147;3678;2469;782;9181;1715;5587;3582;2005;1879;;;;;;;;;;;;
Kostrzyn nad Odrą;0935452;18070;8889;1960;6147;3678;2469;782;9181;1715;5587;3582;2005;1879;;;;;;;;;;;;
gm.w. Bogdaniec;0801022;7030;3457;763;2408;1473;935;286;3573;766;2117;1407;710;690;;;;;;;;;;;;
Bogdaniec;0178672;1250;615;130;439;271;168;46;635;109;400;261;139;126;;;;;;;;;;;;
Chwałowice;0178703;315;160;45;103;69;34;12;155;38;92;63;29;25;;;;;;;;;;;;
Gostkowice;0178710;112;57;16;39;30;9;2;55;21;26;19;7;8;;;;;;;;;;;;
Jasiniec;0178726;93;49;13;30;19;11;6;44;11;27;15;12;6;;;;;;;;;;;;
Jenin;0178732;1623;800;164;561;341;220;75;823;173;488;324;164;162;;;;;;;;;;;;
Jeninek;0178749;59;30;6;23;12;11;1;29;6;15;7;8;8;;;;;;;;;;;;
Jeniniec;0178755;344;155;30;115;74;41;10;189;51;110;72;38;28;;;;;;;;;;;;
Jeże;0178761;70;34;11;21;11;10;2;36;9;21;13;8;6;;;;;;;;;;;;
Jeżyki;0178778;193;87;16;67;41;26;4;106;35;59;43;16;12;;;;;;;;;;;;
Krzyszczyna;0178784;67;38;12;22;15;7;4;29;5;17;10;7;7;;;;;;;;;;;;
Krzyszczynka;0178790;79;34;6;25;14;11;3;45;7;29;22;7;9;;;;;;;;;;;;
Kwiatkowice;0178809;212;105;27;69;42;27;9;107;25;59;44;15;23;;;;;;;;;;;;
Lubczyno;0178815;326;153;34;103;55;48;16;173;34;98;68;30;41;;;;;;;;;;;;
Łupowo;0178821;881;437;80;329;194;135;28;444;92;275;176;99;77;;;;;;;;;;;;
Motylewo;0178689;192;102;22;72;45;27;8;90;15;53;35;18;22;;;;;;;;;;;;
Podjenin;0178838;115;59;19;35;21;14;5;56;14;29;18;11;13;;;;;;;;;;;;
Racław;0178844;330;163;42;101;64;37;20;167;33;95;66;29;39;;;;;;;;;;;;
Roszkowice;0178850;40;17;2;12;6;6;3;23;3;11;8;3;9;;;;;;;;;;;;
Stanowice;0178867;393;203;38;144;88;56;21;190;42;112;70;42;36;;;;;;;;;;;;
Wieprzyce;0178873;242;119;42;70;47;23;7;123;32;71;50;21;20;;;;;;;;;;;;
Włostów;0178880;94;40;8;28;14;14;4;54;11;30;23;7;13;;;;;;;;;;;;
gm.w. Deszczno;0801032;8448;4217;970;2961;1781;1180;286;4231;900;2626;1750;876;705;;;;;;;;;;;;
Białobłocie;0179476;222;100;19;74;42;32;7;122;33;69;53;16;20;;;;;;;;;;;;
Bolemin;0179482;462;250;64;173;109;64;13;212;45;133;88;45;34;;;;;;;;;;;;
Borek;0179499;330;164;33;119;72;47;12;166;36;101;62;39;29;;;;;;;;;;;;
Brzozowiec;0179507;688;338;81;232;135;97;25;350;67;222;139;83;61;;;;;;;;;;;;
Ciecierzyce;0179513;541;287;62;207;125;82;18;254;55;163;107;56;36;;;;;;;;;;;;
Deszczno;0179520;1197;603;111;445;260;185;47;594;99;378;232;146;117;;;;;;;;;;;;
Dziersławice;0179542;98;44;8;29;17;12;7;54;11;31;23;8;12;;;;;;;;;;;;
Dzierżów;0179559;420;212;60;138;87;51;14;208;35;136;97;39;37;;;;;;;;;;;;
Glinik;0179565;578;289;73;194;112;82;22;289;60;175;121;54;54;;;;;;;;;;;;
Karnin;0179571;490;247;77;157;103;54;13;243;58;157;107;50;28;;;;;;;;;;;;
Kiełpin;0179588;144;75;24;49;28;21;2;69;15;47;27;20;7;;;;;;;;;;;;
Koszęcin;0179594;58;30;7;20;14;6;3;28;7;19;14;5;2;;;;;;;;;;;;
Krasowiec;0179602;245;114;20;87;52;35;7;131;32;77;53;24;22;;;;;;;;;;;;
Łagodzin;0179619;398;196;42;140;82;58;14;202;54;116;73;43;32;;;;;;;;;;;;
Maszewo;0179625;283;130;25;100;58;42;5;153;32;93;62;31;28;;;;;;;;;;;;
Niwica;0179631;39;24;3;17;8;9;4;15;2;7;6;1;6;;;;;;;;;;;;
Orzelec;0179648;91;49;11;35;18;17;3;42;5;27;16;11;10;;;;;;;;;;;;
Osiedle Poznańskie;0179654;1145;565;123;398;243;155;44;580;127;359;251;108;94;;;;;;;;;;;;
Płonica;0179660;229;121;22;91;57;34;8;108;24;66;43;23;18;;;;;;;;;;;;
Prądocin;0179677;239;107;30;75;49;26;2;132;39;77;58;19;16;;;;;;;;;;;;
Ulim;0179683;551;272;75;181;110;71;16;279;64;173;118;55;42;;;;;;;;;;;;
gm.w. Kłodawa;0801042;7506;3733;844;2676;1572;1104;213;3773;810;2423;1544;879;540;;;;;;;;;;;;
Chwalęcice;0181800;955;481;104;349;200;149;28;474;96;307;177;130;71;;;;;;;;;;;;
Kłodawa;0181817;2424;1194;310;827;504;323;57;1230;285;797;539;258;148;;;;;;;;;;;;
Łośno;0181852;457;243;57;173;96;77;13;214;42;136;83;53;36;;;;;;;;;;;;
Mironice;0181875;37;17;4;12;9;3;1;20;3;14;9;5;3;;;;;;;;;;;;
Różanki;0181881;1328;639;130;479;275;204;30;689;139;452;284;168;98;;;;;;;;;;;;
Rybakowo;0181912;250;131;21;98;57;41;12;119;17;78;41;37;24;;;;;;;;;;;;
Santocko;0181935;724;343;81;231;134;97;31;381;91;232;157;75;58;;;;;;;;;;;;
Santoczno;0181958;227;119;25;88;55;33;6;108;27;61;43;18;20;;;;;;;;;;;;
Wojcieszyce;0181964;956;485;106;349;209;140;30;471;99;305;191;114;67;;;;;;;;;;;;
Zdroisko;0181987;148;81;6;70;33;37;5;67;11;41;20;21;15;;;;;;;;;;;;
gm.w. Lubiszyn;0801052;6900;3474;744;2465;1483;982;265;3426;716;2048;1343;705;662;;;;;;;;;;;;
Baczyna;0182567;1188;587;115;428;252;176;44;601;113;381;243;138;107;;;;;;;;;;;;
Brzeźno;0182580;312;163;33;110;67;43;20;149;30;81;50;31;38;;;;;;;;;;;;
Buszów;0182596;14;10;0;9;3;6;1;4;0;2;0;2;2;;;;;;;;;;;;
Chłopiny;0182604;179;92;22;66;42;24;4;87;24;51;36;15;12;;;;;;;;;;;;
Dzikowo;0182627;36;18;8;9;6;3;1;18;3;12;9;3;3;;;;;;;;;;;;
Gajewo;0182633;171;86;18;58;33;25;10;85;15;52;40;12;18;;;;;;;;;;;;
Kozin;0182640;149;77;19;51;35;16;7;72;15;38;28;10;19;;;;;;;;;;;;
Lubiszyn;0182662;775;368;69;277;161;116;22;407;83;250;162;88;74;;;;;;;;;;;;
Lubno;0182679;781;397;85;283;174;109;29;384;91;230;143;87;63;;;;;;;;;;;;
Łąkomin;0182685;9;4;1;3;2;1;0;5;3;2;2;0;0;;;;;;;;;;;;
Marwice;0182700;564;296;61;210;131;79;25;268;58;160;97;63;50;;;;;;;;;;;;
Mystki;0182739;152;80;22;54;29;25;4;72;13;45;32;13;14;;;;;;;;;;;;
Podlesie;0182774;78;36;11;23;14;9;2;42;11;25;18;7;6;;;;;;;;;;;;
Smoliny;0182745;43;21;5;15;8;7;1;22;3;14;13;1;5;;;;;;;;;;;;
Staw;0182768;568;300;65;199;116;83;36;268;52;152;100;52;64;;;;;;;;;;;;
Ściechów;0182797;677;343;84;238;146;92;21;334;71;207;130;77;56;;;;;;;;;;;;
Ściechówek;0182840;241;129;31;89;59;30;9;112;30;64;43;21;18;;;;;;;;;;;;
Tarnów;0182863;350;171;29;131;74;57;11;179;34;108;76;32;37;;;;;;;;;;;;
Wysoka;0182870;613;296;66;212;131;81;18;317;67;174;121;53;76;;;;;;;;;;;;
gm.w. Santok;0801062;7871;3953;834;2838;1696;1142;281;3918;811;2424;1573;851;683;;;;;;;;;;;;
Baranowice;0186588;110;57;12;38;28;10;7;53;15;27;21;6;11;;;;;;;;;;;;
Czechów;0186594;532;273;50;199;112;87;24;259;46;162;102;60;51;;;;;;;;;;;;
Górki;0186602;134;62;13;48;26;22;1;72;20;42;28;14;10;;;;;;;;;;;;
Gralewo;0186619;814;408;69;303;179;124;36;406;94;235;140;95;77;;;;;;;;;;;;
Janczewo;0186625;1131;570;165;378;238;140;27;561;113;363;250;113;85;;;;;;;;;;;;
Jastrzębnik;0186631;238;130;26;90;52;38;14;108;19;65;46;19;24;;;;;;;;;;;;
Lipki Małe;0186648;47;20;6;14;10;4;0;27;9;15;13;2;3;;;;;;;;;;;;
Lipki Wielkie;0186654;1242;609;116;452;268;184;41;633;131;390;253;137;112;;;;;;;;;;;;
Ludzisławice;0186660;220;115;25;75;48;27;15;105;24;59;39;20;22;;;;;;;;;;;;
Mąkoszyce;0186677;39;21;4;16;8;8;1;18;4;11;8;3;3;;;;;;;;;;;;
Nowe Polichno;0186683;163;91;12;76;49;27;3;72;17;44;25;19;11;;;;;;;;;;;;
Płomykowo;0186690;196;100;26;69;39;30;5;96;17;64;47;17;15;;;;;;;;;;;;
Santok;0186708;872;441;87;318;184;134;36;431;85;254;156;98;92;;;;;;;;;;;;
Stare Polichno;0186714;727;356;76;254;149;105;26;371;78;231;158;73;62;;;;;;;;;;;;
Wawrów;0186720;1406;700;147;508;306;202;45;706;139;462;287;175;105;;;;;;;;;;;;
gm. m-w. Witnica;0801073;13092;6391;1381;4531;2689;1842;479;6701;1382;4022;2659;1363;1297;;;;;;;;;;;;
m. Witnica;0801074;6966;3404;719;2424;1422;1002;261;3562;707;2152;1419;733;703;;;;;;;;;;;;
Witnica;0935794;6966;3404;719;2424;1422;1002;261;3562;707;2152;1419;733;703;;;;;;;;;;;;
w. Witnica;0801075;6126;2987;662;2107;1267;840;218;3139;675;1870;1240;630;594;;;;;;;;;;;;
Białcz;0188222;533;258;73;166;106;60;19;275;80;155;115;40;40;;;;;;;;;;;;
Białczyk;0188239;267;123;18;97;57;40;8;144;34;87;63;24;23;;;;;;;;;;;;
Boguszyniec;0188245;78;43;11;28;15;13;4;35;3;25;15;10;7;;;;;;;;;;;;
Dąbroszyn;0188251;663;338;86;225;128;97;27;325;74;192;125;67;59;;;;;;;;;;;;
Kamień Mały;0188268;408;194;47;128;79;49;19;214;46;129;89;40;39;;;;;;;;;;;;
Kamień Wielki;0188274;796;355;82;251;164;87;22;441;76;268;162;106;97;;;;;;;;;;;;
Kłopotowo;0188280;56;32;4;28;15;13;0;24;3;16;9;7;5;;;;;;;;;;;;
Krześniczka;0188297;115;53;7;45;21;24;1;62;7;41;27;14;14;;;;;;;;;;;;
Mosina;0188305;204;93;23;59;35;24;11;111;31;60;38;22;20;;;;;;;;;;;;
Mościce;0188311;406;204;45;142;82;60;17;202;49;113;84;29;40;;;;;;;;;;;;
Mościczki;0188328;150;75;12;60;36;24;3;75;15;44;30;14;16;;;;;;;;;;;;
Nowe Dzieduszyce;0188340;63;31;7;22;13;9;2;32;10;15;12;3;7;;;;;;;;;;;;
Nowiny Wielkie;0188363;1263;638;130;459;268;191;49;625;123;376;243;133;126;;;;;;;;;;;;
Oksza;0188370;56;27;9;18;11;7;0;29;9;11;8;3;9;;;;;;;;;;;;
Pyrzany;0188386;290;138;26;103;66;37;9;152;32;93;61;32;27;;;;;;;;;;;;
Sosny;0188392;335;167;36;127;76;51;4;168;39;111;70;41;18;;;;;;;;;;;;
Stare Dzieduszyce;0188417;218;105;27;69;39;30;9;113;17;74;51;23;22;;;;;;;;;;;;
Świerkocin;0188423;225;113;19;80;56;24;14;112;27;60;38;22;25;;;;;;;;;;;;
Powiat krośnieński;0802;57062;28081;5617;20200;11907;8293;2264;28981;5377;17619;11163;6456;5985;;;;;;;;;;;;
gm. m. Gubin;0802011;17072;8209;1586;5939;3490;2449;684;8863;1551;5368;3343;2025;1944;;;;;;;;;;;;
Gubin;0988394;17072;8209;1586;5939;3490;2449;684;8863;1551;5368;3343;2025;1944;;;;;;;;;;;;
gm.w. Bobrowice;0802022;3241;1598;334;1132;648;484;132;1643;318;976;624;352;349;;;;;;;;;;;;
Barłogi;0907651;86;42;8;29;16;13;5;44;7;22;14;8;15;;;;;;;;;;;;
Bobrowice;0907668;877;436;91;302;182;120;43;441;81;259;171;88;101;;;;;;;;;;;;
Bronków;0907680;330;170;39;125;69;56;6;160;35;94;64;30;31;;;;;;;;;;;;
Chojnowo;0907711;62;30;9;18;5;13;3;32;8;17;12;5;7;;;;;;;;;;;;
Chromów;0907728;97;47;7;35;21;14;5;50;11;27;18;9;12;;;;;;;;;;;;
Dachów;0907740;111;57;5;51;36;15;1;54;12;34;20;14;8;;;;;;;;;;;;
Dęby;0907757;89;43;17;25;19;6;1;46;14;27;14;13;5;;;;;;;;;;;;
Dychów;0907763;772;365;67;272;146;126;26;407;73;260;152;108;74;;;;;;;;;;;;
Janiszowice;0907792;147;72;10;53;25;28;9;75;11;43;27;16;21;;;;;;;;;;;;
Kukadło;0907800;38;19;2;13;7;6;4;19;2;11;7;4;6;;;;;;;;;;;;
Przychów;0907823;127;64;15;43;27;16;6;63;9;41;29;12;13;;;;;;;;;;;;
Strużka;0907830;133;63;14;41;22;19;8;70;13;41;24;17;16;;;;;;;;;;;;
Tarnawa Krośnieńska;0907846;48;26;5;18;6;12;3;22;2;14;7;7;6;;;;;;;;;;;;
Wełmice;0907852;249;125;34;82;49;33;9;124;34;61;49;12;29;;;;;;;;;;;;
Żarków;0907869;75;39;11;25;18;7;3;36;6;25;16;9;5;;;;;;;;;;;;
gm.w. Bytnica;0802032;2618;1313;271;943;536;407;99;1305;248;800;529;271;257;;;;;;;;;;;;
Budachów;0908366;655;343;86;234;138;96;23;312;50;199;131;68;63;;;;;;;;;;;;
Bytnica;0908395;1096;540;113;395;228;167;32;556;114;342;224;118;100;;;;;;;;;;;;
Dobrosułów;0908449;357;184;35;131;72;59;18;173;36;96;64;32;41;;;;;;;;;;;;
Drzewica;0908478;111;51;7;39;21;18;5;60;14;30;19;11;16;;;;;;;;;;;;
Grabin;0908484;152;73;10;55;31;24;8;79;12;52;35;17;15;;;;;;;;;;;;
Gryżyna;0908490;141;72;11;51;23;28;10;69;9;46;31;15;14;;;;;;;;;;;;
Struga;0908509;106;50;9;38;23;15;3;56;13;35;25;10;8;;;;;;;;;;;;
gm.w. Dąbie;0802042;5069;2597;516;1882;1108;774;199;2472;538;1500;956;544;434;;;;;;;;;;;;
Brzeźnica;0908975;148;70;15;50;31;19;5;78;21;43;28;15;14;;;;;;;;;;;;
Budynia;0908969;39;24;6;17;9;8;1;15;3;10;6;4;2;;;;;;;;;;;;
Ciemnice;0908981;433;210;46;145;90;55;19;223;48;126;80;46;49;;;;;;;;;;;;
Dąbie;0909006;410;203;43;153;88;65;7;207;35;140;86;54;32;;;;;;;;;;;;
Gola;0909029;95;51;9;39;25;14;3;44;14;24;16;8;6;;;;;;;;;;;;
Gronów;0909035;470;236;48;179;112;67;9;234;60;149;93;56;25;;;;;;;;;;;;
Kosierz;0909041;477;245;56;166;106;60;23;232;51;133;88;45;48;;;;;;;;;;;;
Lubiatów;0909058;198;89;15;66;34;32;8;109;21;61;37;24;27;;;;;;;;;;;;
Łagów;0909064;467;239;50;174;103;71;15;228;62;131;88;43;35;;;;;;;;;;;;
Nowy Zagór;0909070;302;143;31;106;64;42;6;159;37;96;60;36;26;;;;;;;;;;;;
Pław;0909087;250;130;22;96;60;36;12;120;26;70;41;29;24;;;;;;;;;;;;
Połupin;0909101;783;396;72;302;183;119;22;387;64;269;166;103;54;;;;;;;;;;;;
Stary Zagór;0909118;227;121;24;86;44;42;11;106;19;61;40;21;26;;;;;;;;;;;;
Szczawno;0909124;572;340;58;231;119;112;51;232;56;127;91;36;49;;;;;;;;;;;;
Trzebule;0909153;198;100;21;72;40;32;7;98;21;60;36;24;17;;;;;;;;;;;;
gm.w. Gubin;0802052;7438;3760;793;2676;1632;1044;291;3678;771;2253;1495;758;654;;;;;;;;;;;;
Bieżyce;0909160;375;181;42;127;74;53;12;194;50;114;81;33;30;;;;;;;;;;;;
Brzozów;0909176;75;37;9;26;14;12;2;38;13;15;11;4;10;;;;;;;;;;;;
Budoradz;0909182;40;23;4;17;6;11;2;17;0;12;6;6;5;;;;;;;;;;;;
Chęciny;0909199;54;26;5;18;10;8;3;28;10;15;10;5;3;;;;;;;;;;;;
Chlebowo;0909207;625;323;71;234;144;90;18;302;62;191;133;58;49;;;;;;;;;;;;
Chociejów;0909220;67;35;8;25;17;8;2;32;6;17;10;7;9;;;;;;;;;;;;
Czarnowice;0909236;323;171;35;123;66;57;13;152;22;98;65;33;32;;;;;;;;;;;;
Dobre;0909242;35;22;8;12;6;6;2;13;1;9;5;4;3;;;;;;;;;;;;
Dobrzyń;0909259;111;55;12;40;25;15;3;56;8;37;23;14;11;;;;;;;;;;;;
Drzeńsk Mały;0909265;164;74;22;50;32;18;2;90;27;50;35;15;13;;;;;;;;;;;;
Drzeńsk Wielki;0909271;160;78;14;58;33;25;6;82;15;53;36;17;14;;;;;;;;;;;;
Gębice;0909288;123;57;12;40;26;14;5;66;17;37;24;13;12;;;;;;;;;;;;
Grabice;0909294;291;143;26;103;54;49;14;148;27;93;57;36;28;;;;;;;;;;;;
Grochów;0909319;73;32;5;24;14;10;3;41;11;19;13;6;11;;;;;;;;;;;;
Gubinek;0909325;158;80;27;50;34;16;3;78;19;51;38;13;8;;;;;;;;;;;;
Jaromirowice;0909331;390;200;34;154;93;61;12;190;35;118;74;44;37;;;;;;;;;;;;
Jazów;0909348;105;61;8;48;31;17;5;44;9;27;15;12;8;;;;;;;;;;;;
Kaniów;0909354;86;47;12;32;21;11;3;39;10;26;19;7;3;;;;;;;;;;;;
Komorów;0909360;260;124;25;92;55;37;7;136;33;79;54;25;24;;;;;;;;;;;;
Koperno;0909377;61;32;6;25;16;9;1;29;1;24;16;8;4;;;;;;;;;;;;
Kosarzyn;0909383;66;34;4;25;13;12;5;32;6;19;13;6;7;;;;;;;;;;;;
Kozów;0909390;101;53;14;32;24;8;7;48;12;23;17;6;13;;;;;;;;;;;;
Luboszyce;0909408;131;65;11;51;37;14;3;66;18;37;23;14;11;;;;;;;;;;;;
Łazy;0909414;69;36;8;25;15;10;3;33;7;20;15;5;6;;;;;;;;;;;;
Łomy;0909420;171;89;24;58;32;26;7;82;24;47;31;16;11;;;;;;;;;;;;
Markosice;0909443;164;89;18;66;43;23;5;75;17;44;31;13;14;;;;;;;;;;;;
Mielno;0909450;96;50;9;35;20;15;6;46;6;27;16;11;13;;;;;;;;;;;;
Nowa Wioska;0909466;105;53;16;33;20;13;4;52;16;29;20;9;7;;;;;;;;;;;;
Pleśno;0909472;139;75;25;47;32;15;3;64;17;40;27;13;7;;;;;;;;;;;;
Polanowice;0909489;80;44;6;36;27;9;2;36;5;26;15;11;5;;;;;;;;;;;;
Pole;0909495;176;95;22;63;39;24;10;81;15;47;32;15;19;;;;;;;;;;;;
Późna;0909503;107;56;12;38;28;10;6;51;10;32;20;12;9;;;;;;;;;;;;
Przyborowice;0909510;50;27;7;20;10;10;0;23;0;17;12;5;6;;;;;;;;;;;;
Sadzarzewice;0909526;100;48;9;35;23;12;4;52;8;38;23;15;6;;;;;;;;;;;;
Sękowice;0909532;310;154;35;107;66;41;12;156;24;105;67;38;27;;;;;;;;;;;;
Stargard Gubiński;0909549;280;138;25;94;53;41;19;142;28;86;54;32;28;;;;;;;;;;;;
Starosiedle;0909561;435;219;46;153;100;53;20;216;42;137;88;49;37;;;;;;;;;;;;
Strzegów;0909584;282;135;17;103;62;41;15;147;30;91;54;37;26;;;;;;;;;;;;
Wałowice;0909590;377;183;35;134;85;49;14;194;42;123;88;35;29;;;;;;;;;;;;
Węgliny;0909615;121;63;13;47;31;16;3;58;11;33;23;10;14;;;;;;;;;;;;
Wielotów;0909621;101;46;13;25;14;11;8;55;13;31;23;8;11;;;;;;;;;;;;
Witaszkowo;0909638;36;21;6;13;10;3;2;15;1;8;6;2;6;;;;;;;;;;;;
Zawada;0909644;92;44;5;37;25;12;2;48;12;30;20;10;6;;;;;;;;;;;;
Żenichów;0909650;152;76;18;52;28;24;6;76;21;42;31;11;13;;;;;;;;;;;;
Żytowań;0909667;121;66;10;49;24;25;7;55;10;36;21;15;9;;;;;;;;;;;;
gm. m-w. Krosno Odrzańskie;0802063;18667;9117;1795;6600;3895;2705;722;9550;1653;5871;3672;2199;2026;;;;;;;;;;;;
m. Krosno Odrzańskie;0802064;12108;5853;1132;4238;2494;1744;483;6255;1022;3868;2384;1484;1365;;;;;;;;;;;;
Krosno Odrzańskie;0988460;12108;5853;1132;4238;2494;1744;483;6255;1022;3868;2384;1484;1365;;;;;;;;;;;;
w. Krosno Odrzańskie;0802065;6559;3264;663;2362;1401;961;239;3295;631;2003;1288;715;661;;;;;;;;;;;;
Bielów;0910512;131;58;6;44;26;18;8;73;18;40;26;14;15;;;;;;;;;;;;
Brzózka;0910529;232;118;24;86;51;35;8;114;19;70;39;31;25;;;;;;;;;;;;
Chojna;0910541;48;28;11;16;11;5;1;20;4;12;7;5;4;;;;;;;;;;;;
Chyże;0910558;177;88;11;72;45;27;5;89;17;48;27;21;24;;;;;;;;;;;;
Czarnowo;0910564;459;236;52;166;98;68;18;223;40;130;82;48;53;;;;;;;;;;;;
Czetowice;0910570;165;85;15;65;30;35;5;80;16;40;29;11;24;;;;;;;;;;;;
Gostchorze;0910587;356;182;38;130;67;63;14;174;41;104;70;34;29;;;;;;;;;;;;
Kamień;0910593;220;110;28;77;49;28;5;110;22;71;48;23;17;;;;;;;;;;;;
Łochowice;0910618;290;143;28;104;57;47;11;147;21;105;66;39;21;;;;;;;;;;;;
Marcinowice;0910630;506;249;45;187;109;78;17;257;55;160;103;57;42;;;;;;;;;;;;
Nowy Raduszec;0910653;163;84;14;63;33;30;7;79;20;39;27;12;20;;;;;;;;;;;;
Osiecznica;0910660;960;474;81;353;213;140;40;486;81;293;176;117;112;;;;;;;;;;;;
Radnica;0910676;621;304;62;215;128;87;27;317;57;184;123;61;76;;;;;;;;;;;;
Retno;0910682;160;91;26;64;44;20;1;69;15;44;31;13;10;;;;;;;;;;;;
Sarbia;0910699;156;79;19;52;34;18;8;77;17;44;32;12;16;;;;;;;;;;;;
Stary Raduszec;0910707;484;229;53;162;91;71;14;255;55;157;95;62;43;;;;;;;;;;;;
Strumienno;0910713;198;95;24;65;45;20;6;103;18;68;48;20;17;;;;;;;;;;;;
Szklarka Radnicka;0910720;373;191;40;131;82;49;20;182;30;102;65;37;50;;;;;;;;;;;;
Wężyska;0910736;860;420;86;310;188;122;24;440;85;292;194;98;63;;;;;;;;;;;;
gm.w. Maszewo;0802072;2957;1487;322;1028;598;430;137;1470;298;851;544;307;321;;;;;;;;;;;;
Bytomiec;0911641;131;74;10;51;31;20;13;57;14;30;19;11;13;;;;;;;;;;;;
Chlebów;0911658;49;26;6;19;12;7;1;23;4;13;8;5;6;;;;;;;;;;;;
Gęstowice;0911670;170;86;21;57;31;26;8;84;16;46;30;16;22;;;;;;;;;;;;
Granice;0911693;85;46;10;35;15;20;1;39;8;24;13;11;7;;;;;;;;;;;;
Korczyców;0911718;126;70;19;49;26;23;2;56;14;35;19;16;7;;;;;;;;;;;;
Lubogoszcz;0911724;203;101;17;71;38;33;13;102;19;62;39;23;21;;;;;;;;;;;;
Maszewo;0911747;453;230;54;156;103;53;20;223;50;123;86;37;50;;;;;;;;;;;;
Miłów;0911760;146;70;11;50;25;25;9;76;14;49;33;16;13;;;;;;;;;;;;
Połęcko;0911776;346;176;37;123;77;46;16;170;31;97;60;37;42;;;;;;;;;;;;
Radomicko;0911782;170;81;14;62;32;30;5;89;16;51;32;19;22;;;;;;;;;;;;
Rybaki;0911807;445;214;53;143;86;57;18;231;55;133;88;45;43;;;;;;;;;;;;
Rzeczyca;0911813;69;30;8;17;9;8;5;39;9;22;15;7;8;;;;;;;;;;;;
Siedlisko;0911820;17;8;0;7;5;2;1;9;3;3;3;0;3;;;;;;;;;;;;
Skarbona;0911836;68;35;6;26;14;12;3;33;4;20;9;11;9;;;;;;;;;;;;
Skórzyn;0911842;284;141;35;94;54;40;12;143;20;91;58;33;32;;;;;;;;;;;;
Trzebiechów;0911859;195;99;21;68;40;28;10;96;21;52;32;20;23;;;;;;;;;;;;
Powiat międzyrzecki;0803;58938;29083;5684;20824;12276;8548;2575;29855;5381;18184;11563;6621;6290;;;;;;;;;;;;
gm.w. Bledzew;0803012;4609;2320;457;1647;977;670;216;2289;438;1356;868;488;495;;;;;;;;;;;;
Bledzew;0178465;1139;537;91;383;223;160;63;602;108;358;224;134;136;;;;;;;;;;;;
Chycina;0178502;128;64;16;43;23;20;5;64;13;42;26;16;9;;;;;;;;;;;;
Goruńsko;0178519;288;137;26;100;54;46;11;151;29;90;55;35;32;;;;;;;;;;;;
Kleszczewo;0178531;355;198;42;144;94;50;12;157;32;104;63;41;21;;;;;;;;;;;;
Nowa Wieś;0178548;571;296;58;213;128;85;25;275;57;159;109;50;59;;;;;;;;;;;;
Osiecko;0178560;409;219;47;150;87;63;22;190;34;112;62;50;44;;;;;;;;;;;;
Pniewo;0178577;27;15;3;11;6;5;1;12;4;8;6;2;0;;;;;;;;;;;;
Popowo;0178590;349;178;35;129;80;49;14;171;39;98;63;35;34;;;;;;;;;;;;
Sokola Dąbrowa;0178608;234;122;21;86;48;38;15;112;19;57;38;19;36;;;;;;;;;;;;
Stary Dworek;0178614;229;110;25;74;43;31;11;119;15;80;52;28;24;;;;;;;;;;;;
Templewo;0178637;454;225;62;144;89;55;19;229;55;121;92;29;53;;;;;;;;;;;;
Zemsko;0178666;426;219;31;170;102;68;18;207;33;127;78;49;47;;;;;;;;;;;;
gm. m-w. Międzyrzecz;0803023;25231;12319;2372;8767;5212;3555;1180;12912;2253;7847;4990;2857;2812;;;;;;;;;;;;
m. Międzyrzecz;0803024;18753;9048;1679;6468;3812;2656;901;9705;1618;5883;3685;2198;2204;;;;;;;;;;;;
Międzyrzecz;0935529;18753;9048;1679;6468;3812;2656;901;9705;1618;5883;3685;2198;2204;;;;;;;;;;;;
w. Międzyrzecz;0803025;6478;3271;693;2299;1400;899;279;3207;635;1964;1305;659;608;;;;;;;;;;;;
Bobowicko;0183928;777;382;74;271;164;107;37;395;86;243;148;95;66;;;;;;;;;;;;
Bukowiec;0183940;836;419;91;293;174;119;35;417;85;253;178;75;79;;;;;;;;;;;;
Gorzyca;0183963;271;144;30;104;60;44;10;127;22;83;59;24;22;;;;;;;;;;;;
Kalsko;0184000;440;221;51;151;94;57;19;219;49;128;88;40;42;;;;;;;;;;;;
Kaława;0184023;377;192;49;132;73;59;11;185;30;119;69;50;36;;;;;;;;;;;;
Kęszyca;0184046;106;49;8;37;22;15;4;57;18;26;18;8;13;;;;;;;;;;;;
Kęszyca Leśna;0988922;639;337;89;225;160;65;23;302;66;193;154;39;43;;;;;;;;;;;;
Kuligowo;0184052;159;74;19;48;28;20;7;85;16;55;38;17;14;;;;;;;;;;;;
Kursko;0184081;300;153;23;111;66;45;19;147;26;96;64;32;25;;;;;;;;;;;;
Kuźnik;0184112;223;108;21;78;46;32;9;115;25;77;46;31;13;;;;;;;;;;;;
Lubosinek;0184141;69;38;8;27;17;10;3;31;5;21;13;8;5;;;;;;;;;;;;
Nietoperek;0184170;263;142;26;99;56;43;17;121;13;74;50;24;34;;;;;;;;;;;;
Pieski;0184218;242;113;16;87;47;40;10;129;24;71;44;27;34;;;;;;;;;;;;
Pniewo;0184030;270;144;24;107;70;37;13;126;21;85;46;39;20;;;;;;;;;;;;
Rojewo;0184230;102;58;16;37;22;15;5;44;8;28;17;11;8;;;;;;;;;;;;
Szumiąca;0184253;154;78;11;63;38;25;4;76;12;43;26;17;21;;;;;;;;;;;;
Święty Wojciech;0184276;634;310;72;214;134;80;24;324;72;185;131;54;67;;;;;;;;;;;;
Wysoka;0184313;180;89;15;63;41;22;11;91;13;55;32;23;23;;;;;;;;;;;;
Wyszanowo;0184320;274;138;21;106;61;45;11;136;27;78;50;28;31;;;;;;;;;;;;
Żółwin;0184336;162;82;29;46;27;19;7;80;17;51;34;17;12;;;;;;;;;;;;
gm.w. Przytoczna;0803032;5645;2935;564;2150;1239;911;221;2710;465;1689;1043;646;556;;;;;;;;;;;;
Chełmsko;0185761;405;206;49;142;92;50;15;199;30;117;79;38;52;;;;;;;;;;;;
Dębówko;0185784;151;84;23;58;32;26;3;67;12;42;31;11;13;;;;;;;;;;;;
Gaj;0185809;58;29;10;18;12;6;1;29;10;16;12;4;3;;;;;;;;;;;;
Goraj;0185815;455;227;54;150;87;63;23;228;39;143;89;54;46;;;;;;;;;;;;
Krasne Dłusko;0185821;200;98;26;66;37;29;6;102;16;65;41;24;21;;;;;;;;;;;;
Krobielewo;0185867;124;70;8;57;33;24;5;54;9;33;16;17;12;;;;;;;;;;;;
Lubikowo;0185880;349;181;34;139;87;52;8;168;31;110;65;45;27;;;;;;;;;;;;
Nowa Niedrzwica;0185910;294;144;26;114;61;53;4;150;25;97;59;38;28;;;;;;;;;;;;
Orłowce;0185940;10;7;3;3;1;2;1;3;0;1;1;0;2;;;;;;;;;;;;
Poręba;0185956;7;2;1;0;0;0;1;5;0;3;3;0;2;;;;;;;;;;;;
Przytoczna;0185962;2318;1142;219;835;472;363;88;1176;195;756;457;299;225;;;;;;;;;;;;
Rokitno;0185979;637;428;50;340;190;150;38;209;38;121;73;48;50;;;;;;;;;;;;
Strychy;0185985;174;84;16;62;34;28;6;90;16;52;29;23;22;;;;;;;;;;;;
Stryszewo;0185991;68;35;6;27;19;8;2;33;9;17;8;9;7;;;;;;;;;;;;
Twierdzielewo;0186016;59;31;7;22;14;8;2;28;3;19;15;4;6;;;;;;;;;;;;
Wierzbno;0186022;336;167;32;117;68;49;18;169;32;97;65;32;40;;;;;;;;;;;;
gm.w. Pszczew;0803042;4266;2083;434;1457;879;578;192;2183;418;1327;876;451;438;;;;;;;;;;;;
Borowy Młyn;0186039;115;51;9;39;20;19;3;64;10;41;26;15;13;;;;;;;;;;;;
Janowo;0186068;68;32;10;22;18;4;0;36;10;19;15;4;7;;;;;;;;;;;;
Nowe Gorzycko;0186074;348;185;44;127;75;52;14;163;37;100;72;28;26;;;;;;;;;;;;
Policko;0186080;344;170;42;118;74;44;10;174;38;109;70;39;27;;;;;;;;;;;;
Pszczew;0186097;1893;919;175;653;375;278;91;974;169;589;383;206;216;;;;;;;;;;;;
Rańsko;0186105;47;23;7;15;11;4;1;24;4;16;10;6;4;;;;;;;;;;;;
Silna;0186128;340;178;40;122;70;52;16;162;26;101;65;36;35;;;;;;;;;;;;
Stoki;0186140;202;96;18;66;44;22;12;106;30;56;37;19;20;;;;;;;;;;;;
Stołuń;0186157;339;169;32;114;74;40;23;170;40;93;66;27;37;;;;;;;;;;;;
Szarcz;0186163;297;119;22;90;64;26;7;178;28;123;77;46;27;;;;;;;;;;;;
Świechocin;0186170;116;61;15;39;21;18;7;55;6;38;25;13;11;;;;;;;;;;;;
Zielomyśl;0186186;157;80;20;52;33;19;8;77;20;42;30;12;15;;;;;;;;;;;;
gm. m-w. Skwierzyna;0803053;12687;6158;1203;4484;2596;1888;471;6529;1162;4077;2563;1514;1290;;;;;;;;;;;;
m. Skwierzyna;0803054;10004;4811;951;3497;2027;1470;363;5193;908;3279;2040;1239;1006;;;;;;;;;;;;
Skwierzyna;0935699;10004;4811;951;3497;2027;1470;363;5193;908;3279;2040;1239;1006;;;;;;;;;;;;
w. Skwierzyna;0803055;2683;1347;252;987;569;418;108;1336;254;798;523;275;284;;;;;;;;;;;;
Dobrojewo;0186737;215;124;23;89;55;34;12;91;16;55;37;18;20;;;;;;;;;;;;
Gościnowo;0186750;142;67;11;50;27;23;6;75;13;47;34;13;15;;;;;;;;;;;;
Kijewice;0186789;31;17;5;12;5;7;0;14;3;10;7;3;1;;;;;;;;;;;;
Krobielewko;0186795;135;64;7;51;31;20;6;71;19;39;20;19;13;;;;;;;;;;;;
Murzynowo;0186832;915;450;83;335;194;141;32;465;89;282;185;97;94;;;;;;;;;;;;
Nowy Dwór;0186855;30;17;3;12;4;8;2;13;2;5;3;2;6;;;;;;;;;;;;
Rakowo;0186826;44;26;6;19;10;9;1;18;2;10;9;1;6;;;;;;;;;;;;
Skrzynica;0186861;24;14;4;8;5;3;2;10;4;5;2;3;1;;;;;;;;;;;;
Świniary;0186878;405;202;38;143;80;63;21;203;37;114;72;42;52;;;;;;;;;;;;
Trzebiszewo;0186909;631;311;61;228;131;97;22;320;57;197;133;64;66;;;;;;;;;;;;
Warcin;0186915;35;22;5;16;12;4;1;13;4;9;5;4;0;;;;;;;;;;;;
Wiejce;0186921;76;33;6;24;15;9;3;43;8;25;16;9;10;;;;;;;;;;;;
gm. m-w. Trzciel;0803063;6500;3268;654;2319;1373;946;295;3232;645;1888;1223;665;699;;;;;;;;;;;;
m. Trzciel;0803064;2449;1207;230;863;514;349;114;1242;229;730;461;269;283;;;;;;;;;;;;
Trzciel;0935771;2449;1207;230;863;514;349;114;1242;229;730;461;269;283;;;;;;;;;;;;
gm.w. Trzciel;0803065;4051;2061;424;1456;859;597;181;1990;416;1158;762;396;416;;;;;;;;;;;;
Bieleń;0188015;37;17;3;14;8;6;0;20;3;15;8;7;2;;;;;;;;;;;;
Brójce;0188021;996;489;106;332;198;134;51;507;106;292;196;96;109;;;;;;;;;;;;
Chociszewo;0188038;469;226;53;158;93;65;15;243;61;140;90;50;42;;;;;;;;;;;;
Jasieniec;0188044;329;172;20;132;59;73;20;157;34;99;64;35;24;;;;;;;;;;;;
Lutol Mokry;0188073;218;118;24;81;46;35;13;100;14;55;36;19;31;;;;;;;;;;;;
Lutol Suchy;0188096;452;234;47;168;97;71;19;218;34;130;86;44;54;;;;;;;;;;;;
Łagowiec;0188110;205;109;22;76;53;23;11;96;19;51;35;16;26;;;;;;;;;;;;
Panowice;0188140;158;80;16;57;35;22;7;78;15;50;32;18;13;;;;;;;;;;;;
Rybojady;0188156;117;59;17;39;21;18;3;58;13;35;22;13;10;;;;;;;;;;;;
Siercz;0188162;239;117;25;79;51;28;13;122;38;61;42;19;23;;;;;;;;;;;;
Sierczynek;0188179;235;132;25;96;58;38;11;103;20;59;35;24;24;;;;;;;;;;;;
Stary Dwór;0188185;334;184;45;126;80;46;13;150;25;91;67;24;34;;;;;;;;;;;;
Świdwowiec;0188191;224;107;18;86;54;32;3;117;29;70;43;27;18;;;;;;;;;;;;
Żydowo;0188216;38;17;3;12;6;6;2;21;5;10;6;4;6;;;;;;;;;;;;
Powiat nowosolski;0804;88083;42880;8779;30123;17738;12385;3978;45203;8460;26782;16848;9934;9961;;;;;;;;;;;;
gm. m. Nowa Sól;0804011;40369;19223;3619;13584;7782;5802;2020;21146;3493;12513;7562;4951;5140;;;;;;;;;;;;
Nowa Sól;0988520;40369;19223;3619;13584;7782;5802;2020;21146;3493;12513;7562;4951;5140;;;;;;;;;;;;
gm. m-w. Bytom Odrzański;0804023;5497;2738;594;1917;1169;748;227;2759;558;1668;1087;581;533;;;;;;;;;;;;
m. Bytom Odrzański;0804024;4430;2193;474;1533;923;610;186;2237;428;1373;885;488;436;;;;;;;;;;;;
Bytom Odrzański;0988359;4430;2193;474;1533;923;610;186;2237;428;1373;885;488;436;;;;;;;;;;;;
w. Bytom Odrzański;0804025;1067;545;120;384;246;138;41;522;130;295;202;93;97;;;;;;;;;;;;
Bodzów;0908515;193;98;25;66;46;20;7;95;26;53;35;18;16;;;;;;;;;;;;
Bonów;0908544;116;62;14;43;29;14;5;54;16;28;22;6;10;;;;;;;;;;;;
Bycz;0908550;130;67;13;49;32;17;5;63;16;35;22;13;12;;;;;;;;;;;;
Drogomil;0908567;130;63;14;45;29;16;4;67;15;37;28;9;15;;;;;;;;;;;;
Królikowice;0908573;102;57;10;40;26;14;7;45;9;23;14;9;13;;;;;;;;;;;;
Małaszowice;0908580;99;48;8;38;24;14;2;51;16;29;21;8;6;;;;;;;;;;;;
Popowo;0908596;49;21;5;14;7;7;2;28;8;15;10;5;5;;;;;;;;;;;;
Tarnów Bycki;0908610;85;47;7;37;19;18;3;38;6;25;13;12;7;;;;;;;;;;;;
Wierzbnica;0908627;163;82;24;52;34;18;6;81;18;50;37;13;13;;;;;;;;;;;;
gm.w. Kolsko;0804032;3285;1666;369;1162;694;468;135;1619;325;972;616;356;322;;;;;;;;;;;;
Jesiona;0910110;302;147;30;106;56;50;11;155;34;91;57;34;30;;;;;;;;;;;;
Kolsko;0910133;971;483;102;345;213;132;36;488;101;295;193;102;92;;;;;;;;;;;;
Konotop;0910140;1288;656;144;466;269;197;46;632;122;391;235;156;119;;;;;;;;;;;;
Lipka;0910216;182;88;18;58;42;16;12;94;25;53;40;13;16;;;;;;;;;;;;
Mesze;0910222;64;38;10;25;17;8;3;26;3;15;11;4;8;;;;;;;;;;;;
Sławocin;0910239;119;61;14;43;26;17;4;58;9;35;20;15;14;;;;;;;;;;;;
Tyrszeliny;0910251;134;69;24;39;27;12;6;65;16;37;26;11;12;;;;;;;;;;;;
Uście;0910268;225;124;27;80;44;36;17;101;15;55;34;21;31;;;;;;;;;;;;
gm. m-w. Kożuchów;0804043;16404;7984;1698;5562;3298;2264;724;8420;1677;4880;3166;1714;1863;;;;;;;;;;;;
m. Kożuchów;0804044;9784;4681;960;3239;1905;1334;482;5103;960;2942;1885;1057;1201;;;;;;;;;;;;
Kożuchów;0988454;9784;4681;960;3239;1905;1334;482;5103;960;2942;1885;1057;1201;;;;;;;;;;;;
w. Kożuchów;0804045;6620;3303;738;2323;1393;930;242;3317;717;1938;1281;657;662;;;;;;;;;;;;
Broniszów;0910297;392;197;56;128;77;51;13;195;39;120;81;39;36;;;;;;;;;;;;
Bulin;0910305;40;22;9;13;7;6;0;18;6;11;9;2;1;;;;;;;;;;;;
Cisów;0910311;100;49;8;38;21;17;3;51;13;31;17;14;7;;;;;;;;;;;;
Czciradz;0910328;495;240;51;169;96;73;20;255;49;159;100;59;47;;;;;;;;;;;;
Drwalewice;0910334;95;44;10;31;16;15;3;51;15;25;18;7;11;;;;;;;;;;;;
Dziadoszyce;0910340;62;36;8;26;16;10;2;26;4;16;9;7;6;;;;;;;;;;;;
Książ Śląski;0910357;377;189;51;124;87;37;14;188;39;121;86;35;28;;;;;;;;;;;;
Lasocin;0910363;300;143;25;100;49;51;18;157;36;79;51;28;42;;;;;;;;;;;;
Mirocin Dolny;0910370;376;174;34;121;70;51;19;202;44;108;71;37;50;;;;;;;;;;;;
Mirocin Górny;0910386;642;333;84;225;136;89;24;309;57;192;131;61;60;;;;;;;;;;;;
Mirocin Średni;0910392;274;130;25;98;60;38;7;144;33;86;58;28;25;;;;;;;;;;;;
Podbrzezie Dolne;0910400;538;263;52;190;114;76;21;275;57;169;115;54;49;;;;;;;;;;;;
Podbrzezie Górne;0910417;233;118;26;77;47;30;15;115;23;63;39;24;29;;;;;;;;;;;;
Radwanów;0910423;451;236;46;172;104;68;18;215;42;131;83;48;42;;;;;;;;;;;;
Słocina;0910430;135;69;14;48;34;14;7;66;14;34;23;11;18;;;;;;;;;;;;
Sokołów;0910446;152;76;19;53;30;23;4;76;18;42;26;16;16;;;;;;;;;;;;
Solniki;0910452;259;128;29;95;58;37;4;131;35;73;45;28;23;;;;;;;;;;;;
Studzieniec;0910469;738;360;70;271;159;112;19;378;87;224;153;71;67;;;;;;;;;;;;
Stypułów;0910475;961;496;121;344;212;132;31;465;106;254;166;88;105;;;;;;;;;;;;
gm.w. Nowa Sól;0804052;6705;3318;690;2384;1426;958;244;3387;726;1985;1283;702;676;;;;;;;;;;;;
Buczków;0912089;35;19;4;12;8;4;3;16;2;8;6;2;6;;;;;;;;;;;;
Chełmek;0912095;449;229;44;169;106;63;16;220;55;127;85;42;38;;;;;;;;;;;;
Ciepielów;0912103;174;99;32;58;41;17;9;75;20;42;31;11;13;;;;;;;;;;;;
Dąbrowno;0912110;150;76;18;55;33;22;3;74;24;39;23;16;11;;;;;;;;;;;;
Jeziorna;0912132;65;31;3;25;13;12;3;34;6;20;12;8;8;;;;;;;;;;;;
Jodłów;0912155;67;31;7;22;9;13;2;36;9;17;10;7;10;;;;;;;;;;;;
Kiełcz;0912161;821;400;78;297;163;134;25;421;84;254;156;98;83;;;;;;;;;;;;
Lelechów;0912178;68;34;9;23;13;10;2;34;8;18;11;7;8;;;;;;;;;;;;
Lipiny;0912184;450;218;42;161;96;65;15;232;56;131;80;51;45;;;;;;;;;;;;
Lubieszów;0912209;638;313;61;232;138;94;20;325;66;197;126;71;62;;;;;;;;;;;;
Lubięcin;0912215;802;388;83;276;159;117;29;414;91;244;161;83;79;;;;;;;;;;;;
Nowe Żabno;0912267;297;144;37;92;64;28;15;153;28;96;76;20;29;;;;;;;;;;;;
Przyborów;0912273;1307;669;146;471;288;183;52;638;128;370;233;137;140;;;;;;;;;;;;
Rudno;0912304;591;281;54;206;124;82;21;310;63;188;119;69;59;;;;;;;;;;;;
Stany;0912310;290;138;25;99;62;37;14;152;36;85;62;23;31;;;;;;;;;;;;
Stara Wieś;0912327;130;64;10;50;28;22;4;66;14;41;23;18;11;;;;;;;;;;;;
Stary Staw;0912333;95;43;8;30;19;11;5;52;14;26;19;7;12;;;;;;;;;;;;
Wrociszów;0912340;276;141;29;106;62;44;6;135;22;82;50;32;31;;;;;;;;;;;;
gm. m-w. Nowe Miasteczko;0804063;5564;2758;564;1932;1135;797;262;2806;580;1666;1080;586;560;;;;;;;;;;;;
m. Nowe Miasteczko;0804064;2885;1414;279;993;582;411;142;1471;288;861;541;320;322;;;;;;;;;;;;
Nowe Miasteczko;0988566;2885;1414;279;993;582;411;142;1471;288;861;541;320;322;;;;;;;;;;;;
w. Nowe Miasteczko;0804065;2679;1344;285;939;553;386;120;1335;292;805;539;266;238;;;;;;;;;;;;
Borów Polski;0912362;133;62;14;44;25;19;4;71;19;40;26;14;12;;;;;;;;;;;;
Borów Wielki;0912356;667;340;79;231;139;92;30;327;71;197;131;66;59;;;;;;;;;;;;
Gołaszyn;0912379;401;190;29;144;84;60;17;211;44;134;87;47;33;;;;;;;;;;;;
Miłaków;0912391;341;173;36;119;69;50;18;168;43;93;59;34;32;;;;;;;;;;;;
Nieciecz;0912400;154;77;25;46;27;19;6;77;25;40;27;13;12;;;;;;;;;;;;
Popęszyce;0912416;366;193;46;129;83;46;18;173;36;106;78;28;31;;;;;;;;;;;;
Rejów;0912422;208;105;14;82;52;30;9;103;19;66;44;22;18;;;;;;;;;;;;
Szyba;0912439;144;71;10;52;25;27;9;73;9;41;22;19;23;;;;;;;;;;;;
Żuków;0912468;265;133;32;92;49;43;9;132;26;88;65;23;18;;;;;;;;;;;;
gm.w. Otyń;0804072;6630;3385;805;2347;1464;883;233;3245;693;1985;1303;682;567;;;;;;;;;;;;
Bobrowniki;0912758;725;374;91;249;156;93;34;351;79;208;137;71;64;;;;;;;;;;;;
Czasław;0912770;145;74;20;48;27;21;6;71;16;43;28;15;12;;;;;;;;;;;;
Konradowo;0912787;313;158;39;104;68;36;15;155;37;89;59;30;29;;;;;;;;;;;;
Ługi;0912793;300;157;45;100;64;36;12;143;23;90;64;26;30;;;;;;;;;;;;
Modrzyca;0912801;1770;911;228;632;409;223;51;859;197;534;349;185;128;;;;;;;;;;;;
Niedoradz;0912818;1485;754;171;538;334;204;45;731;138;457;293;164;136;;;;;;;;;;;;
Otyń;0912824;1540;775;170;547;335;212;58;765;176;443;297;146;146;;;;;;;;;;;;
Zakęcie;0912830;352;182;41;129;71;58;12;170;27;121;76;45;22;;;;;;;;;;;;
gm.w. Siedlisko;0804082;3629;1808;440;1235;770;465;133;1821;408;1113;751;362;300;;;;;;;;;;;;
Bielawy;0913396;1031;534;149;347;221;126;38;497;108;309;205;104;80;;;;;;;;;;;;
Borowiec;0913410;355;179;48;118;85;33;13;176;41;105;77;28;30;;;;;;;;;;;;
Piękne Kąty;0913427;108;54;9;42;23;19;3;54;11;32;20;12;11;;;;;;;;;;;;
Różanówka;0913433;178;80;15;56;33;23;9;98;25;53;36;17;20;;;;;;;;;;;;
Siedlisko;0913479;1917;941;216;658;399;259;67;976;221;601;403;198;154;;;;;;;;;;;;
Zwierzyniec;0913485;40;20;3;14;9;5;3;20;2;13;10;3;5;;;;;;;;;;;;
Powiat słubicki;0805;47533;23319;4873;16597;10003;6594;1849;24214;4740;14806;9600;5206;4668;;;;;;;;;;;;
gm. m-w. Cybinka;0805013;6775;3411;767;2357;1401;956;287;3364;668;2013;1304;709;683;;;;;;;;;;;;
m. Cybinka;0805014;2826;1397;296;991;592;399;110;1429;268;866;556;310;295;;;;;;;;;;;;
Cybinka;0988365;2826;1397;296;991;592;399;110;1429;268;866;556;310;295;;;;;;;;;;;;
w. Cybinka;0805015;3949;2014;471;1366;809;557;177;1935;400;1147;748;399;388;;;;;;;;;;;;
Białków;0908633;567;278;65;179;110;69;34;289;56;170;110;60;63;;;;;;;;;;;;
Bieganów;0908656;628;333;88;223;136;87;22;295;60;187;126;61;48;;;;;;;;;;;;
Drzeniów;0911664;384;201;48;138;93;45;15;183;45;116;72;44;22;;;;;;;;;;;;
Grzmiąca;0908679;441;213;54;143;84;59;16;228;54;138;95;43;36;;;;;;;;;;;;
Kłopot;0908685;178;87;22;62;33;29;3;91;21;54;36;18;16;;;;;;;;;;;;
Koziczyn;0908691;13;9;1;7;4;3;1;4;1;3;1;2;0;;;;;;;;;;;;
Krzesin;0908700;52;26;11;14;8;6;1;26;5;15;10;5;6;;;;;;;;;;;;
Maczków;0908716;129;59;6;44;26;18;9;70;15;37;24;13;18;;;;;;;;;;;;
Mielesznica;0908722;32;20;4;15;6;9;1;12;4;6;3;3;2;;;;;;;;;;;;
Radzików;0908745;232;119;16;80;48;32;23;113;24;53;37;16;36;;;;;;;;;;;;
Rąpice;0908768;532;268;60;187;108;79;21;264;50;164;100;64;50;;;;;;;;;;;;
Sądów;0908774;343;182;52;116;64;52;14;161;34;84;54;30;43;;;;;;;;;;;;
Urad;0908797;418;219;44;158;89;69;17;199;31;120;80;40;48;;;;;;;;;;;;
gm.w. Górzyca;0805022;4275;2151;491;1497;948;549;163;2124;483;1253;847;406;388;;;;;;;;;;;;
Czarnów;0181674;645;325;71;225;136;89;29;320;77;171;118;53;72;;;;;;;;;;;;
Górzyca;0181680;1543;768;175;535;345;190;58;775;163;480;317;163;132;;;;;;;;;;;;
Laski Lubuskie;0181697;191;105;24;74;46;28;7;86;15;52;38;14;19;;;;;;;;;;;;
Ługi Górzyckie;0181711;194;91;25;62;38;24;4;103;27;67;45;22;9;;;;;;;;;;;;
Owczary;0181740;125;64;15;46;31;15;3;61;13;39;26;13;9;;;;;;;;;;;;
Pamięcin;0181757;479;240;62;158;96;62;20;239;48;145;101;44;46;;;;;;;;;;;;
Radówek;0181763;194;92;22;64;42;22;6;102;25;58;38;20;19;;;;;;;;;;;;
Spudłów;0181770;66;30;9;18;11;7;3;36;9;18;13;5;9;;;;;;;;;;;;
Stańsk;0181786;250;136;33;97;60;37;6;114;33;59;41;18;22;;;;;;;;;;;;
Żabice;0181792;588;300;55;218;143;75;27;288;73;164;110;54;51;;;;;;;;;;;;
gm. m-w. Ośno Lubuskie;0805033;6545;3217;665;2305;1376;929;247;3328;717;1994;1291;703;617;;;;;;;;;;;;
m. Ośno Lubuskie;0805034;3897;1879;384;1347;794;553;148;2018;412;1221;777;444;385;;;;;;;;;;;;
Ośno Lubuskie;0935587;3897;1879;384;1347;794;553;148;2018;412;1221;777;444;385;;;;;;;;;;;;
w. Ośno Lubuskie;0805035;2648;1338;281;958;582;376;99;1310;305;773;514;259;232;;;;;;;;;;;;
Grabno;0185301;125;66;10;50;24;26;6;59;11;31;21;10;17;;;;;;;;;;;;
Gronów;0185324;122;61;9;47;25;22;5;61;10;37;24;13;14;;;;;;;;;;;;
Kochań;0185330;39;18;3;14;13;1;1;21;7;12;10;2;2;;;;;;;;;;;;
Lipienica;0185347;42;19;2;17;11;6;0;23;7;12;8;4;4;;;;;;;;;;;;
Lubień;0185360;269;141;31;93;54;39;17;128;29;66;42;24;33;;;;;;;;;;;;
Podośno;0185376;93;50;11;35;26;9;4;43;16;23;18;5;4;;;;;;;;;;;;
Połęcko;0185382;278;137;26;99;61;38;12;141;34;79;51;28;28;;;;;;;;;;;;
Radachów;0185399;401;205;43;150;83;67;12;196;42;121;73;48;33;;;;;;;;;;;;
Sienno;0185407;186;97;20;73;47;26;4;89;18;52;38;14;19;;;;;;;;;;;;
Smogóry;0185413;683;333;76;232;144;88;25;350;85;217;145;72;48;;;;;;;;;;;;
Świniary;0185436;229;116;28;80;54;26;8;113;25;70;46;24;18;;;;;;;;;;;;
Trześniów;0185442;181;95;22;68;40;28;5;86;21;53;38;15;12;;;;;;;;;;;;
gm. m-w. Rzepin;0805043;10000;4945;1067;3491;2103;1388;387;5055;1026;3031;1967;1064;998;;;;;;;;;;;;
m. Rzepin;0805044;6732;3282;690;2316;1370;946;276;3450;678;2062;1331;731;710;;;;;;;;;;;;
Rzepin;0935682;6732;3282;690;2316;1370;946;276;3450;678;2062;1331;731;710;;;;;;;;;;;;
w. Rzepin;0805045;3268;1663;377;1175;733;442;111;1605;348;969;636;333;288;;;;;;;;;;;;
Drzeńsko;0186460;433;225;55;153;105;48;17;208;52;120;81;39;36;;;;;;;;;;;;
Gajec;0186476;242;122;30;81;48;33;11;120;27;69;50;19;24;;;;;;;;;;;;
Kowalów;0186482;921;446;114;308;181;127;24;475;87;296;196;100;92;;;;;;;;;;;;
Lubiechnia Mała;0186499;62;31;5;26;12;14;0;31;8;21;12;9;2;;;;;;;;;;;;
Lubiechnia Wielka;0186507;332;173;34;131;85;46;8;159;37;101;67;34;21;;;;;;;;;;;;
Maniszewo;0186513;18;8;0;6;2;4;2;10;1;5;2;3;4;;;;;;;;;;;;
Nowy Młyn;0186430;26;12;1;9;4;5;2;14;3;8;4;4;3;;;;;;;;;;;;
Radów;0186520;239;124;20;92;55;37;12;115;23;73;45;28;19;;;;;;;;;;;;
Serbów;0186536;258;127;27;95;63;32;5;131;31;69;42;27;31;;;;;;;;;;;;
Starków;0186542;179;91;26;59;38;21;6;88;26;51;37;14;11;;;;;;;;;;;;
Starościn;0186559;337;192;44;134;92;42;14;145;27;96;61;35;22;;;;;;;;;;;;
Sułów;0186571;221;112;21;81;48;33;10;109;26;60;39;21;23;;;;;;;;;;;;
gm. m-w. Słubice;0805053;19938;9595;1883;6947;4175;2772;765;10343;1846;6515;4191;2324;1982;;;;;;;;;;;;
m. Słubice;0805054;17043;8142;1553;5922;3553;2369;667;8901;1540;5607;3600;2007;1754;;;;;;;;;;;;
Słubice;0935736;17043;8142;1553;5922;3553;2369;667;8901;1540;5607;3600;2007;1754;;;;;;;;;;;;
w. Słubice;0805055;2895;1453;330;1025;622;403;98;1442;306;908;591;317;228;;;;;;;;;;;;
Drzecin;0187079;279;138;27;102;56;46;9;141;26;94;63;31;21;;;;;;;;;;;;
Golice;0187085;402;205;52;139;84;55;14;197;42;123;81;42;32;;;;;;;;;;;;
Kunice;0187091;70;37;11;24;13;11;2;33;8;19;12;7;6;;;;;;;;;;;;
Kunowice;0187100;940;460;101;335;205;130;24;480;100;312;197;115;68;;;;;;;;;;;;
Lisów;0187122;161;83;18;58;39;19;7;78;17;44;23;21;17;;;;;;;;;;;;
Nowe Biskupice;0187139;115;60;14;42;24;18;4;55;10;37;26;11;8;;;;;;;;;;;;
Nowy Lubusz;0187151;196;111;28;76;45;31;7;85;13;58;40;18;14;;;;;;;;;;;;
Pławidło;0187174;224;109;29;71;45;26;9;115;33;64;45;19;18;;;;;;;;;;;;
Rybocice;0187180;207;103;19;76;50;26;8;104;26;61;43;18;17;;;;;;;;;;;;
Stare Biskupice;0187205;99;53;9;37;21;16;7;46;9;25;14;11;12;;;;;;;;;;;;
Świecko;0187211;202;94;22;65;40;25;7;108;22;71;47;24;15;;;;;;;;;;;;
Powiat strzelecko-drezdenecki;0806;50711;25020;5170;17692;10341;7351;2158;25691;5028;15154;9715;5439;5509;;;;;;;;;;;;
gm. m-w. Dobiegniew;0806013;6908;3452;656;2450;1376;1074;346;3456;621;1983;1287;696;852;;;;;;;;;;;;
m. Dobiegniew;0806014;3210;1566;275;1130;636;494;161;1644;264;968;628;340;412;;;;;;;;;;;;
Dobiegniew;0935334;3210;1566;275;1130;636;494;161;1644;264;968;628;340;412;;;;;;;;;;;;
w. Dobiegniew;0806015;3698;1886;381;1320;740;580;185;1812;357;1015;659;356;440;;;;;;;;;;;;
Chomętowo;0180150;157;77;16;52;27;25;9;80;12;40;28;12;28;;;;;;;;;;;;
Chrapów;0180166;18;8;1;6;2;4;1;10;1;7;3;4;2;;;;;;;;;;;;
Derkacze;0180172;22;9;1;8;3;5;0;13;2;5;3;2;6;;;;;;;;;;;;
Dębogóra;0180189;14;7;1;4;0;4;2;7;2;2;2;0;3;;;;;;;;;;;;
Głusko;0180203;214;107;12;88;46;42;7;107;15;70;36;34;22;;;;;;;;;;;;
Grąsy;0180249;170;89;22;61;39;22;6;81;17;46;32;14;18;;;;;;;;;;;;
Kępa Zagajna;0180261;6;4;0;4;2;2;0;2;0;2;1;1;0;;;;;;;;;;;;
Lipinka;0180278;33;17;1;12;5;7;4;16;3;9;3;6;4;;;;;;;;;;;;
Lubiewko;0180284;70;38;13;22;15;7;3;32;5;20;13;7;7;;;;;;;;;;;;
Łęczyn;0180290;52;26;1;19;13;6;6;26;5;7;4;3;14;;;;;;;;;;;;
Ługi;0180309;245;115;18;83;43;40;14;130;25;71;46;25;34;;;;;;;;;;;;
Mierzęcin;0180321;347;180;48;115;70;45;17;167;38;98;69;29;31;;;;;;;;;;;;
Osiek;0180338;404;203;55;130;72;58;18;201;50;112;78;34;39;;;;;;;;;;;;
Ostrowiec;0180367;99;48;9;38;17;21;1;51;11;32;20;12;8;;;;;;;;;;;;
Podlesiec;0180373;90;47;6;36;19;17;5;43;6;26;14;12;11;;;;;;;;;;;;
Radachowo;0180380;52;25;1;21;9;12;3;27;5;15;9;6;7;;;;;;;;;;;;
Radęcin;0180440;500;256;49;185;98;87;22;244;46;139;95;44;59;;;;;;;;;;;;
Rolewice;0180479;206;109;19;83;49;34;7;97;16;60;40;20;21;;;;;;;;;;;;
Sarbinowo;0180522;125;66;17;43;27;16;6;59;13;28;19;9;18;;;;;;;;;;;;
Sławica;0180574;27;13;3;6;5;1;4;14;5;5;5;0;4;;;;;;;;;;;;
Słonów;0180580;337;169;34;114;68;46;21;168;30;90;58;32;48;;;;;;;;;;;;
Słowin;0180628;161;88;15;57;32;25;16;73;11;40;26;14;22;;;;;;;;;;;;
Starczewo;0180255;73;39;5;30;18;12;4;34;6;20;12;8;8;;;;;;;;;;;;
Stare Osieczno;0180634;120;68;10;52;27;25;6;52;8;29;17;12;15;;;;;;;;;;;;
Wołogoszcz;0180686;156;78;24;51;34;17;3;78;25;42;26;16;11;;;;;;;;;;;;
gm. m-w. Drezdenko;0806023;17620;8678;1804;6116;3613;2503;758;8942;1756;5250;3373;1877;1936;;;;;;;;;;;;
m. Drezdenko;0806024;10565;5098;994;3640;2104;1536;464;5467;967;3230;2029;1201;1270;;;;;;;;;;;;
Drezdenko;0935400;10565;5098;994;3640;2104;1536;464;5467;967;3230;2029;1201;1270;;;;;;;;;;;;
w. Drezdenko;0806025;7055;3580;810;2476;1509;967;294;3475;789;2020;1344;676;666;;;;;;;;;;;;
Bagniewo;0181177;69;32;11;17;10;7;4;37;4;25;21;4;8;;;;;;;;;;;;
Czartowo;0181183;59;32;6;25;16;9;1;27;3;19;13;6;5;;;;;;;;;;;;
Drawiny;0181190;455;216;48;147;74;73;21;239;45;141;85;56;53;;;;;;;;;;;;
Duraczewo;0181214;25;16;2;12;6;6;2;9;3;5;3;2;1;;;;;;;;;;;;
Goszczanowiec;0181220;339;182;45;123;69;54;14;157;35;89;59;30;33;;;;;;;;;;;;
Goszczanowo;0181237;299;151;31;105;64;41;15;148;33;81;51;30;34;;;;;;;;;;;;
Goszczanówko;0181250;145;80;22;52;34;18;6;65;15;38;27;11;12;;;;;;;;;;;;
Gościm;0181266;551;281;66;196;122;74;19;270;53;152;92;60;65;;;;;;;;;;;;
Górzyska;0181289;43;17;5;12;6;6;0;26;7;16;11;5;3;;;;;;;;;;;;
Grotów;0181303;356;186;43;124;72;52;19;170;39;95;63;32;36;;;;;;;;;;;;
Karwin;0181326;173;82;21;58;37;21;3;91;26;48;35;13;17;;;;;;;;;;;;
Kijów;0181361;18;8;1;5;4;1;2;10;5;4;4;0;1;;;;;;;;;;;;
Klesno;0181384;232;120;19;90;58;32;11;112;26;62;44;18;24;;;;;;;;;;;;
Kosin;0181415;134;64;16;44;32;12;4;70;23;40;28;12;7;;;;;;;;;;;;
Lipno;0181438;316;156;42;106;65;41;8;160;38;101;69;32;21;;;;;;;;;;;;
Lubiatów;0181450;146;80;12;62;38;24;6;66;10;46;31;15;10;;;;;;;;;;;;
Lubiewo;0181473;83;43;7;30;15;15;6;40;8;27;15;12;5;;;;;;;;;;;;
Marzenin;0181496;195;95;19;70;40;30;6;100;30;54;35;19;16;;;;;;;;;;;;
Modropole;0181504;69;41;6;31;21;10;4;28;3;14;9;5;11;;;;;;;;;;;;
Niegosław;0181527;868;425;86;299;200;99;40;443;106;257;184;73;80;;;;;;;;;;;;
Osów;0181533;315;155;39;100;61;39;16;160;45;85;62;23;30;;;;;;;;;;;;
Przeborowo;0181540;120;61;7;44;27;17;10;59;10;30;17;13;19;;;;;;;;;;;;
Rąpin;0181579;463;245;62;165;100;65;18;218;53;132;91;41;33;;;;;;;;;;;;
Stare Bielice;0181591;355;176;41;127;75;52;8;179;42;111;65;46;26;;;;;;;;;;;;
Trzebicz;0181639;730;379;95;259;157;102;25;351;78;201;135;66;72;;;;;;;;;;;;
Trzebicz Nowy;0181622;302;156;35;109;72;37;12;146;36;88;58;30;22;;;;;;;;;;;;
Trzebicz-Młyn;0181616;38;17;4;12;7;5;1;21;3;15;9;6;3;;;;;;;;;;;;
Zagórze;0181645;77;43;11;24;14;10;8;34;3;19;11;8;12;;;;;;;;;;;;
Zielątkowo;0181668;80;41;8;28;13;15;5;39;7;25;17;8;7;;;;;;;;;;;;
gm.w. Stare Kurowo;0806032;4221;2111;468;1463;847;616;180;2110;435;1242;819;423;433;;;;;;;;;;;;
Błotnica;0187234;226;112;26;76;42;34;10;114;20;69;47;22;25;;;;;;;;;;;;
Głęboczek;0187257;132;68;18;46;21;25;4;64;19;34;23;11;11;;;;;;;;;;;;
Kawki;0187263;41;22;5;15;12;3;2;19;5;9;6;3;5;;;;;;;;;;;;
Łącznica;0187270;396;191;45;130;64;66;16;205;56;114;74;40;35;;;;;;;;;;;;
Łęgowo;0187317;323;154;39;105;58;47;10;169;39;100;66;34;30;;;;;;;;;;;;
Nowe Kurowo;0187323;165;82;25;51;29;22;6;83;17;49;35;14;17;;;;;;;;;;;;
Pławin;0187346;242;128;24;94;60;34;10;114;21;74;47;27;19;;;;;;;;;;;;
Przynotecko;0187369;475;250;61;165;93;72;24;225;49;129;90;39;47;;;;;;;;;;;;
Rokitno;0187381;62;30;6;20;12;8;4;32;6;15;9;6;11;;;;;;;;;;;;
Stare Kurowo;0187406;2159;1074;219;761;456;305;94;1085;203;649;422;227;233;;;;;;;;;;;;
gm. m-w. Strzelce Krajeńskie;0806043;17513;8561;1749;6119;3570;2549;693;8952;1729;5391;3385;2006;1832;;;;;;;;;;;;
m. Strzelce Krajeńskie;0806044;10218;4882;967;3526;2012;1514;389;5336;959;3307;2011;1296;1070;;;;;;;;;;;;
Strzelce Krajeńskie;0935742;10218;4882;967;3526;2012;1514;389;5336;959;3307;2011;1296;1070;;;;;;;;;;;;
w. Strzelce Krajeńskie;0806045;7295;3679;782;2593;1558;1035;304;3616;770;2084;1374;710;762;;;;;;;;;;;;
Bobrówko;0187429;877;430;75;319;186;133;36;447;96;249;149;100;102;;;;;;;;;;;;
Bronowice;0187435;429;224;47;163;107;56;14;205;51;117;72;45;37;;;;;;;;;;;;
Brzoza;0187441;531;270;44;200;110;90;26;261;41;163;104;59;57;;;;;;;;;;;;
Buszów;0187458;325;162;38;114;66;48;10;163;39;91;60;31;33;;;;;;;;;;;;
Czyżewo;0187702;100;48;13;31;20;11;4;52;8;29;18;11;15;;;;;;;;;;;;
Danków;0187501;127;65;11;45;28;17;9;62;9;34;20;14;19;;;;;;;;;;;;
Długie;0187518;61;33;9;20;13;7;4;28;4;17;13;4;7;;;;;;;;;;;;
Gardzko;0187530;417;215;51;145;90;55;19;202;51;115;77;38;36;;;;;;;;;;;;
Gilów;0187547;197;103;25;73;44;29;5;94;27;56;40;16;11;;;;;;;;;;;;
Golczewice;0187553;5;3;0;3;1;2;0;2;0;2;0;2;0;;;;;;;;;;;;
Licheń;0187560;389;202;47;139;84;55;16;187;41;107;79;28;39;;;;;;;;;;;;
Lipie Góry;0187576;437;219;50;154;94;60;15;218;51;128;86;42;39;;;;;;;;;;;;
Lubicz;0187582;325;169;46;112;64;48;11;156;25;96;63;33;35;;;;;;;;;;;;
Machary;0187599;90;50;13;32;21;11;5;40;4;22;14;8;14;;;;;;;;;;;;
Ogardy;0187607;475;238;52;164;100;64;22;237;59;129;88;41;49;;;;;;;;;;;;
Piastowo;0187620;125;66;9;51;29;22;6;59;9;32;19;13;18;;;;;;;;;;;;
Pielice;0187636;124;62;18;39;25;14;5;62;11;35;23;12;16;;;;;;;;;;;;
Przyłęg;0187642;168;94;21;66;35;31;7;74;9;51;34;17;14;;;;;;;;;;;;
Sidłów;0187719;199;102;22;71;47;24;9;97;30;51;39;12;16;;;;;;;;;;;;
Sławno;0187665;222;107;24;72;45;27;11;115;25;63;38;25;27;;;;;;;;;;;;
Sokólsko;0187671;160;79;17;53;31;22;9;81;17;46;31;15;18;;;;;;;;;;;;
Strzelce Klasztorne;0187688;181;85;14;67;38;29;4;96;20;60;39;21;16;;;;;;;;;;;;
Tuczno;0187725;655;326;71;222;142;80;33;329;68;189;135;54;72;;;;;;;;;;;;
Wełmin;0187748;138;59;11;40;18;22;8;79;15;48;28;20;16;;;;;;;;;;;;
Wielisławice;0187754;321;159;35;114;71;43;10;162;40;93;64;29;29;;;;;;;;;;;;
Wilanów;0187760;64;27;4;22;13;9;1;37;5;25;18;7;7;;;;;;;;;;;;
Żabicko;0187777;153;82;15;62;36;26;5;71;15;36;23;13;20;;;;;;;;;;;;
gm.w. Zwierzyn;0806052;4449;2218;493;1544;935;609;181;2231;487;1288;851;437;456;;;;;;;;;;;;
Błotno;0188430;139;73;21;45;27;18;7;66;15;40;23;17;11;;;;;;;;;;;;
Brzezinka;0188446;95;48;12;33;18;15;3;47;7;30;20;10;10;;;;;;;;;;;;
Gościmiec;0188469;501;250;49;185;109;76;16;251;52;153;100;53;46;;;;;;;;;;;;
Górczyna;0188506;24;13;5;8;4;4;0;11;1;8;6;2;2;;;;;;;;;;;;
Górecko;0188529;395;215;60;135;83;52;20;180;47;89;65;24;44;;;;;;;;;;;;
Górki Noteckie;0188535;983;469;82;345;205;140;42;514;110;303;190;113;101;;;;;;;;;;;;
Przysieka;0188653;206;109;25;77;44;33;7;97;16;61;38;23;20;;;;;;;;;;;;
Rzekcin;0188660;70;31;8;20;15;5;3;39;16;14;13;1;9;;;;;;;;;;;;
Sarbiewo;0188682;286;136;38;88;58;30;10;150;34;91;67;24;25;;;;;;;;;;;;
Sierosławice;0188699;106;56;10;41;24;17;5;50;11;27;17;10;12;;;;;;;;;;;;
Zagaje;0188713;84;41;12;27;19;8;2;43;8;31;24;7;4;;;;;;;;;;;;
Zwierzyn;0188720;1359;671;142;473;286;187;56;688;145;392;256;136;151;;;;;;;;;;;;
Żółwin;0188759;201;106;29;67;43;24;10;95;25;49;32;17;21;;;;;;;;;;;;
Powiat sulęciński;0807;35975;17940;3751;12728;7693;5035;1461;18035;3486;10791;6961;3830;3758;;;;;;;;;;;;
gm.w. Krzeszyce;0807012;4684;2410;524;1673;1000;673;213;2274;448;1335;887;448;491;;;;;;;;;;;;
Brzozowa;0181993;120;58;12;39;19;20;7;62;11;33;21;12;18;;;;;;;;;;;;
Czartów;0182024;57;30;4;23;11;12;3;27;3;15;11;4;9;;;;;;;;;;;;
Dębokierz;0182030;60;33;10;20;11;9;3;27;6;16;9;7;5;;;;;;;;;;;;
Dzierzążna;0182047;95;43;10;25;18;7;8;52;12;24;20;4;16;;;;;;;;;;;;
Karkoszów;0182053;113;61;12;43;30;13;6;52;18;28;19;9;6;;;;;;;;;;;;
Kołczyn;0182060;368;188;32;137;76;61;19;180;24;104;70;34;52;;;;;;;;;;;;
Krasnołęg;0182076;95;49;13;30;18;12;6;46;10;28;17;11;8;;;;;;;;;;;;
Krępiny;0182082;226;123;25;87;55;32;11;103;17;58;37;21;28;;;;;;;;;;;;
Krzemów;0182099;91;50;15;29;18;11;6;41;9;19;15;4;13;;;;;;;;;;;;
Krzeszyce;0182107;1648;847;187;600;379;221;60;801;151;499;330;169;151;;;;;;;;;;;;
Łąków;0182120;20;11;3;8;3;5;0;9;1;6;4;2;2;;;;;;;;;;;;
Łukomin;0182136;78;37;6;24;12;12;7;41;10;23;16;7;8;;;;;;;;;;;;
Malta;0182159;181;92;23;61;34;27;8;89;23;52;38;14;14;;;;;;;;;;;;
Marianki;0182165;54;28;7;19;11;8;2;26;9;11;6;5;6;;;;;;;;;;;;
Maszków;0182171;86;44;7;34;21;13;3;42;9;24;12;12;9;;;;;;;;;;;;
Muszkowo;0182188;274;138;37;88;54;34;13;136;31;79;56;23;26;;;;;;;;;;;;
Piskorzno;0182219;45;26;5;20;11;9;1;19;4;12;7;5;3;;;;;;;;;;;;
Przemysław;0182225;277;145;25;99;59;40;21;132;27;74;48;26;31;;;;;;;;;;;;
Rudna;0182248;70;37;11;24;14;10;2;33;5;22;15;7;6;;;;;;;;;;;;
Rudnica;0182254;375;188;43;135;82;53;10;187;38;107;71;36;42;;;;;;;;;;;;
Studzionka;0182277;137;70;14;51;27;24;5;67;12;42;26;16;13;;;;;;;;;;;;
Świętojańsko;0182283;76;36;8;25;14;11;3;40;12;21;16;5;7;;;;;;;;;;;;
Zaszczytowo;0182290;138;76;15;52;23;29;9;62;6;38;23;15;18;;;;;;;;;;;;
gm. m-w. Lubniewice;0807023;3113;1545;285;1142;648;494;118;1568;254;963;591;372;351;;;;;;;;;;;;
m. Lubniewice;0807024;2001;977;167;728;392;336;82;1024;164;627;384;243;233;;;;;;;;;;;;
Lubniewice;0182969;2001;977;167;728;392;336;82;1024;164;627;384;243;233;;;;;;;;;;;;
w. Lubniewice;0807025;1112;568;118;414;256;158;36;544;90;336;207;129;118;;;;;;;;;;;;
Glisno;0182900;761;392;81;288;184;104;23;369;63;218;136;82;88;;;;;;;;;;;;
Jarnatów;0182946;304;153;32;109;63;46;12;151;24;102;61;41;25;;;;;;;;;;;;
Rogi;0182998;47;23;5;17;9;8;1;24;3;16;10;6;5;;;;;;;;;;;;
gm.w. Słońsk;0807032;4846;2450;531;1738;1080;658;181;2396;506;1454;959;495;436;;;;;;;;;;;;
Budzigniew;0186944;82;43;12;23;15;8;8;39;7;20;15;5;12;;;;;;;;;;;;
Chartów;0186950;88;37;9;26;15;11;2;51;14;31;22;9;6;;;;;;;;;;;;
Głuchowo;0186967;187;99;18;76;50;26;5;88;22;50;35;15;16;;;;;;;;;;;;
Grodzisk;0186980;102;57;12;40;27;13;5;45;14;22;17;5;9;;;;;;;;;;;;
Jamno;0186996;142;72;18;46;29;17;8;70;20;38;26;12;12;;;;;;;;;;;;
Lemierzyce;0187010;643;334;79;221;139;82;34;309;58;183;128;55;68;;;;;;;;;;;;
Lubomierzycko;0187027;14;4;1;3;0;3;0;10;1;6;4;2;3;;;;;;;;;;;;
Ownice;0187033;295;155;27;112;68;44;16;140;30;84;52;32;26;;;;;;;;;;;;
Polne;0187040;78;35;10;23;14;9;2;43;12;24;18;6;7;;;;;;;;;;;;
Przyborów;0187056;187;91;15;68;36;32;8;96;11;64;41;23;21;;;;;;;;;;;;
Słońsk;0187062;3028;1523;330;1100;687;413;93;1505;317;932;601;331;256;;;;;;;;;;;;
gm. m-w. Sulęcin;0807043;16381;8091;1651;5760;3546;2214;680;8290;1553;4952;3193;1759;1785;;;;;;;;;;;;
m. Sulęcin;0807044;10248;4958;964;3555;2132;1423;439;5290;932;3183;1983;1200;1175;;;;;;;;;;;;
Sulęcin;0935759;10248;4958;964;3555;2132;1423;439;5290;932;3183;1983;1200;1175;;;;;;;;;;;;
w. Sulęcin;0807045;6133;3133;687;2205;1414;791;241;3000;621;1769;1210;559;610;;;;;;;;;;;;
Brzeźno;0187790;320;169;46;112;77;35;11;151;39;91;69;22;21;;;;;;;;;;;;
Długoszyn;0187814;438;231;52;162;100;62;17;207;33;127;82;45;47;;;;;;;;;;;;
Drogomin;0187837;121;54;11;40;20;20;3;67;13;39;24;15;15;;;;;;;;;;;;
Grochowo;0187843;343;184;35;140;86;54;9;159;28;104;58;46;27;;;;;;;;;;;;
Małuszów;0187866;107;53;11;37;20;17;5;54;13;28;19;9;13;;;;;;;;;;;;
Miechów;0187872;214;96;23;70;39;31;3;118;22;70;48;22;26;;;;;;;;;;;;
Ostrów;0187889;366;196;45;140;85;55;11;170;34;113;71;42;23;;;;;;;;;;;;
Rychlik;0187903;197;102;18;77;45;32;7;95;18;62;38;24;15;;;;;;;;;;;;
Trzebów;0187910;305;153;36;102;63;39;15;152;34;87;60;27;31;;;;;;;;;;;;
Trzemeszno Lubuskie;0187926;672;319;58;231;134;97;30;353;65;218;145;73;70;;;;;;;;;;;;
Tursk;0187955;339;155;11;86;31;55;58;184;6;43;26;17;135;;;;;;;;;;;;
Wędrzyn;0187961;1390;750;178;545;425;120;27;640;160;406;318;88;74;;;;;;;;;;;;
Wielowieś;0187978;265;140;30;97;59;38;13;125;24;75;50;25;26;;;;;;;;;;;;
Żarzyn;0187990;318;157;33;110;65;45;14;161;40;94;60;34;27;;;;;;;;;;;;
Żubrów;0188009;738;374;100;256;165;91;18;364;92;212;142;70;60;;;;;;;;;;;;
gm. m-w. Torzym;0807053;6951;3444;760;2415;1419;996;269;3507;725;2087;1331;756;695;;;;;;;;;;;;
m. Torzym;0807054;2535;1208;259;858;486;372;91;1327;243;831;500;331;253;;;;;;;;;;;;
Torzym;0915484;2535;1208;259;858;486;372;91;1327;243;831;500;331;253;;;;;;;;;;;;
w. Torzym;0807055;4416;2236;501;1557;933;624;178;2180;482;1256;831;425;442;;;;;;;;;;;;
Bargów;0915260;60;29;7;20;10;10;2;31;4;16;11;5;11;;;;;;;;;;;;
Bielice;0915277;184;96;24;66;42;24;6;88;26;48;32;16;14;;;;;;;;;;;;
Bobrówko;0915283;86;40;7;27;15;12;6;46;8;29;21;8;9;;;;;;;;;;;;
Boczów;0915290;671;344;88;227;136;91;29;327;64;194;127;67;69;;;;;;;;;;;;
Debrznica;0915308;118;64;8;51;28;23;5;54;16;27;15;12;11;;;;;;;;;;;;
Drzewce;0915314;145;80;16;52;32;20;12;65;10;41;29;12;14;;;;;;;;;;;;
Drzewce;0915320;74;37;6;26;17;9;5;37;5;21;14;7;11;;;;;;;;;;;;
Garbicz;0915343;304;154;28;115;70;45;11;150;37;87;58;29;26;;;;;;;;;;;;
Gądków Mały;0915366;85;40;5;31;17;14;4;45;12;23;14;9;10;;;;;;;;;;;;
Gądków Wielki;0915372;635;310;58;223;126;97;29;325;50;185;120;65;90;;;;;;;;;;;;
Grabów;0915389;252;126;29;91;55;36;6;126;36;74;49;25;16;;;;;;;;;;;;
Koryta;0915403;266;130;35;83;53;30;12;136;32;85;56;29;19;;;;;;;;;;;;
Kownaty;0915410;89;43;13;28;19;9;2;46;12;29;21;8;5;;;;;;;;;;;;
Lubin;0915426;279;138;32;100;60;40;6;141;29;84;53;31;28;;;;;;;;;;;;
Lubów;0915432;216;108;35;70;43;27;3;108;39;60;43;17;9;;;;;;;;;;;;
Mierczany;0915449;92;57;10;42;29;13;5;35;5;16;11;5;14;;;;;;;;;;;;
Pniów;0915455;182;91;14;69;36;33;8;91;19;46;30;16;26;;;;;;;;;;;;
Prześlice;0915461;293;147;38;97;62;35;12;146;31;93;63;30;22;;;;;;;;;;;;
Tarnawa Rzepińska;0915478;108;55;17;36;24;12;2;53;14;30;21;9;9;;;;;;;;;;;;
Walewice;0915567;145;81;17;57;31;26;7;64;13;35;21;14;16;;;;;;;;;;;;
Wystok;0915573;132;66;14;46;28;18;6;66;20;33;22;11;13;;;;;;;;;;;;
Powiat świebodziński;0808;56777;27863;5765;19735;11790;7945;2363;28914;5488;17332;11023;6309;6094;;;;;;;;;;;;
gm.w. Lubrza;0808012;3514;1819;415;1258;776;482;146;1695;351;1027;685;342;317;;;;;;;;;;;;
Boryszyn;0910860;205;109;38;62;43;19;9;96;27;55;40;15;14;;;;;;;;;;;;
Bucze;0910883;236;130;31;87;57;30;12;106;26;54;37;17;26;;;;;;;;;;;;
Buczyna;0910908;283;147;32;104;67;37;11;136;26;87;58;29;23;;;;;;;;;;;;
Lubrza;0910914;1065;541;121;373;219;154;47;524;96;328;219;109;100;;;;;;;;;;;;
Mostki;0910943;543;267;55;194;122;72;18;276;52;174;114;60;50;;;;;;;;;;;;
Nowa Wioska;0910989;306;175;45;117;69;48;13;131;28;77;54;23;26;;;;;;;;;;;;
Przełazy;0911003;267;131;25;90;57;33;16;136;25;84;58;26;27;;;;;;;;;;;;
Staropole;0911026;424;215;51;151;95;56;13;209;53;119;76;43;37;;;;;;;;;;;;
Zagaje;0911032;82;50;7;40;23;17;3;32;6;21;13;8;5;;;;;;;;;;;;
Zagórze;0911049;103;54;10;40;24;16;4;49;12;28;16;12;9;;;;;;;;;;;;
gm.w. Łagów;0808022;5256;2661;522;1884;1113;771;255;2595;450;1573;1011;562;572;;;;;;;;;;;;
Gronów;0911300;245;130;28;89;55;34;13;115;18;69;46;23;28;;;;;;;;;;;;
Jemiołów;0911339;285;142;20;105;71;34;17;143;31;78;47;31;34;;;;;;;;;;;;
Kłodnica;0911368;39;23;1;18;7;11;4;16;3;9;4;5;4;;;;;;;;;;;;
Kosobudz;0911428;161;87;16;61;37;24;10;74;13;39;29;10;22;;;;;;;;;;;;
Łagów;0911434;1588;762;131;548;295;253;83;826;108;532;326;206;186;;;;;;;;;;;;
Łagówek;0911457;332;155;34;105;70;35;16;177;35;104;73;31;38;;;;;;;;;;;;
Niedźwiedź;0911463;292;161;36;113;78;35;12;131;27;78;53;25;26;;;;;;;;;;;;
Poźrzadło;0911470;192;108;25;70;41;29;13;84;14;49;36;13;21;;;;;;;;;;;;
Sieniawa;0911500;964;478;102;337;189;148;39;486;100;292;174;118;94;;;;;;;;;;;;
Toporów;0911530;808;440;94;314;197;117;32;368;65;227;158;69;76;;;;;;;;;;;;
Żelechów;0911575;350;175;35;124;73;51;16;175;36;96;65;31;43;;;;;;;;;;;;
gm.w. Skąpe;0808032;5199;2627;548;1837;1054;783;242;2572;460;1508;951;557;604;;;;;;;;;;;;
Błonie;0913491;80;44;9;31;24;7;4;36;7;21;14;7;8;;;;;;;;;;;;
Darnawa;0913500;174;82;18;56;28;28;8;92;23;50;31;19;19;;;;;;;;;;;;
Łąkie;0913516;143;82;15;60;37;23;7;61;10;39;25;14;12;;;;;;;;;;;;
Międzylesie;0913522;1361;687;136;458;253;205;93;674;98;358;218;140;218;;;;;;;;;;;;
Niekarzyn;0913551;389;208;48;143;94;49;17;181;39;105;67;38;37;;;;;;;;;;;;
Niesulice;0913568;229;126;26;84;56;28;16;103;18;65;44;21;20;;;;;;;;;;;;
Ołobok;0913580;706;334;62;248;136;112;24;372;71;230;146;84;71;;;;;;;;;;;;
Pałck;0913597;291;150;30;111;70;41;9;141;34;74;49;25;33;;;;;;;;;;;;
Podła Góra;0913605;176;89;26;59;34;25;4;87;20;44;27;17;23;;;;;;;;;;;;
Przetocznica;0913628;29;17;1;14;6;8;2;12;0;8;6;2;4;;;;;;;;;;;;
Radoszyn;0913640;545;283;67;202;117;85;14;262;43;173;107;66;46;;;;;;;;;;;;
Rokitnica;0913657;253;132;27;93;55;38;12;121;22;71;47;24;28;;;;;;;;;;;;
Skąpe;0913663;421;203;42;143;72;71;18;218;35;141;85;56;42;;;;;;;;;;;;
Węgrzynice;0913686;181;83;15;60;29;31;8;98;15;60;37;23;23;;;;;;;;;;;;
Zawisze;0913692;221;107;26;75;43;32;6;114;25;69;48;21;20;;;;;;;;;;;;
gm.w. Szczaniec;0808042;3931;1915;415;1353;811;542;147;2016;448;1195;787;408;373;;;;;;;;;;;;
Brudzewo;0914415;98;40;7;23;15;8;10;58;16;26;20;6;16;;;;;;;;;;;;
Dąbrówka Mała;0914421;289;147;28;114;74;40;5;142;32;83;56;27;27;;;;;;;;;;;;
Kiełcze;0914438;98;47;12;34;21;13;1;51;12;35;26;9;4;;;;;;;;;;;;
Koźminek;0914444;143;72;22;42;28;14;8;71;18;38;29;9;15;;;;;;;;;;;;
Myszęcin;0914450;619;313;59;233;146;87;21;306;65;196;124;72;45;;;;;;;;;;;;
Ojerzyce;0914473;211;102;22;71;40;31;9;109;20;69;42;27;20;;;;;;;;;;;;
Opalewo;0914480;168;80;16;55;34;21;9;88;24;46;31;15;18;;;;;;;;;;;;
Smardzewo;0914496;587;292;68;211;123;88;13;295;69;175;115;60;51;;;;;;;;;;;;
Szczaniec;0914504;1458;695;152;483;286;197;60;763;166;447;293;154;150;;;;;;;;;;;;
Wilenko;0914510;124;65;17;41;23;18;7;59;12;34;23;11;13;;;;;;;;;;;;
Wolimirzyce;0914527;136;62;12;46;21;25;4;74;14;46;28;18;14;;;;;;;;;;;;
gm. m-w. Świebodzin;0808053;30513;14765;3044;10472;6254;4218;1249;15748;2944;9470;5944;3526;3334;;;;;;;;;;;;
m. Świebodzin;0808054;22167;10581;2081;7555;4439;3116;945;11586;2060;7010;4328;2682;2516;;;;;;;;;;;;
Świebodzin;0988626;22167;10581;2081;7555;4439;3116;945;11586;2060;7010;4328;2682;2516;;;;;;;;;;;;
w. Świebodzin;0808055;8346;4184;963;2917;1815;1102;304;4162;884;2460;1616;844;818;;;;;;;;;;;;
Borów;0914929;301;152;32;111;71;40;9;149;39;86;66;20;24;;;;;;;;;;;;
Chociule;0914935;649;324;85;210;122;88;29;325;80;187;127;60;58;;;;;;;;;;;;
Glińsk;0914941;801;359;81;252;170;82;26;442;77;244;139;105;121;;;;;;;;;;;;
Gościkowo;0914970;427;242;38;189;130;59;15;185;34;113;72;41;38;;;;;;;;;;;;
Grodziszcze;0915001;367;197;56;129;79;50;12;170;37;105;73;32;28;;;;;;;;;;;;
Jeziory;0915018;311;160;33;112;75;37;15;151;31;89;60;29;31;;;;;;;;;;;;
Jordanowo;0915030;679;322;63;219;130;89;40;357;63;189;114;75;105;;;;;;;;;;;;
Kępsko;0915047;124;65;18;42;24;18;5;59;14;34;24;10;11;;;;;;;;;;;;
Kupienino;0915053;262;130;31;89;58;31;10;132;31;76;51;25;25;;;;;;;;;;;;
Lubinicko;0915060;575;263;58;186;111;75;19;312;71;187;133;54;54;;;;;;;;;;;;
Lubogóra;0915099;338;174;43;118;66;52;13;164;32;105;67;38;27;;;;;;;;;;;;
Ługów;0915107;259;131;40;82;51;31;9;128;20;85;59;26;23;;;;;;;;;;;;
Nowy Dworek;0915113;273;151;29;114;77;37;8;122;26;72;50;22;24;;;;;;;;;;;;
Raków;0915120;339;177;50;114;72;42;13;162;37;95;64;31;30;;;;;;;;;;;;
Rosin;0915142;245;111;17;91;54;37;3;134;25;75;52;23;34;;;;;;;;;;;;
Rozłogi;0915165;243;133;41;85;59;26;7;110;27;70;52;18;13;;;;;;;;;;;;
Rudgerzowice;0915171;200;98;28;65;37;28;5;102;31;54;39;15;17;;;;;;;;;;;;
Rusinów;0915194;461;258;53;185;115;70;20;203;49;116;76;40;38;;;;;;;;;;;;
Rzeczyca;0915202;501;242;43;189;114;75;10;259;54;161;97;64;44;;;;;;;;;;;;
Wilkowo;0915231;991;495;124;335;200;135;36;496;106;317;201;116;73;;;;;;;;;;;;
gm. m-w. Zbąszynek;0808063;8364;4076;821;2931;1782;1149;324;4288;835;2559;1645;914;894;;;;;;;;;;;;
m. Zbąszynek;0808064;5051;2435;475;1758;1049;709;202;2616;490;1545;980;565;581;;;;;;;;;;;;
Zbąszynek;0988649;5051;2435;475;1758;1049;709;202;2616;490;1545;980;565;581;;;;;;;;;;;;
w. Zbąszynek;0808065;3313;1641;346;1173;733;440;122;1672;345;1014;665;349;313;;;;;;;;;;;;
Chlastawa;0916911;158;83;20;60;40;20;3;75;14;47;29;18;14;;;;;;;;;;;;
Dąbrówka Wielkopolska;0916928;1361;656;135;466;295;171;55;705;146;423;280;143;136;;;;;;;;;;;;
Kosieczyn;0916970;964;480;96;353;205;148;31;484;106;301;186;115;77;;;;;;;;;;;;
Kręcko;0916992;349;180;42;124;82;42;14;169;36;100;73;27;33;;;;;;;;;;;;
Rogoziniec;0917023;481;242;53;170;111;59;19;239;43;143;97;46;53;;;;;;;;;;;;
Powiat zielonogórski;0809;93375;46121;9596;32945;19824;13121;3580;47254;9137;29204;18918;10286;8913;;;;;;;;;;;;
gm. m-w. Babimost;0809013;6323;3126;687;2125;1280;845;314;3197;602;1926;1266;660;669;;;;;;;;;;;;
m. Babimost;0809014;4049;1993;439;1356;810;546;198;2056;381;1255;822;433;420;;;;;;;;;;;;
Babimost;0988342;4049;1993;439;1356;810;546;198;2056;381;1255;822;433;420;;;;;;;;;;;;
w. Babimost;0809015;2274;1133;248;769;470;299;116;1141;221;671;444;227;249;;;;;;;;;;;;
Kolesin;0907527;270;128;21;96;55;41;11;142;23;96;57;39;23;;;;;;;;;;;;
Laski;0907540;85;45;11;26;17;9;8;40;8;21;14;7;11;;;;;;;;;;;;
Nowe Kramsko;0907556;829;414;83;287;167;120;44;415;62;250;160;90;103;;;;;;;;;;;;
Podmokle Małe;0907562;464;230;54;157;99;58;19;234;54;136;91;45;44;;;;;;;;;;;;
Podmokle Wielkie;0907585;351;181;46;118;77;41;17;170;41;94;67;27;35;;;;;;;;;;;;
Stare Kramsko;0907645;275;135;33;85;55;30;17;140;33;74;55;19;33;;;;;;;;;;;;
gm.w. Bojadła;0809022;3366;1701;338;1205;735;470;158;1665;330;947;627;320;388;;;;;;;;;;;;
Bełcze;0907875;287;144;29;89;38;51;26;143;29;64;44;20;50;;;;;;;;;;;;
Bojadła;0907881;1201;597;124;433;278;155;40;604;111;362;250;112;131;;;;;;;;;;;;
Kartno;0907912;98;59;9;42;23;19;8;39;2;25;13;12;12;;;;;;;;;;;;
Klenica;0907929;1154;586;116;416;257;159;54;568;115;331;220;111;122;;;;;;;;;;;;
Młynkowo;0907941;93;47;3;40;21;19;4;46;7;29;16;13;10;;;;;;;;;;;;
Przewóz;0907970;79;39;6;27;15;12;6;40;10;15;8;7;15;;;;;;;;;;;;
Pyrnik;0907987;329;164;33;115;72;43;16;165;42;89;53;36;34;;;;;;;;;;;;
Siadcza;0907993;95;49;13;33;24;9;3;46;11;24;18;6;11;;;;;;;;;;;;
Susłów;0908018;30;16;5;10;7;3;1;14;3;8;5;3;3;;;;;;;;;;;;
gm. m-w. Czerwieńsk;0809033;9850;4895;1039;3534;2119;1415;322;4955;995;3066;1967;1099;894;;;;;;;;;;;;
m. Czerwieńsk;0809034;4201;2089;403;1559;938;621;127;2112;395;1343;829;514;374;;;;;;;;;;;;
Czerwieńsk;0988371;4201;2089;403;1559;938;621;127;2112;395;1343;829;514;374;;;;;;;;;;;;
w. Czerwieńsk;0809035;5649;2806;636;1975;1181;794;195;2843;600;1723;1138;585;520;;;;;;;;;;;;
Będów;0908805;236;120;24;85;54;31;11;116;24;63;40;23;29;;;;;;;;;;;;
Bródki;0908811;118;63;14;43;25;18;6;55;5;29;20;9;21;;;;;;;;;;;;
Dobrzęcin;0908828;129;69;17;47;33;14;5;60;20;32;22;10;8;;;;;;;;;;;;
Laski;0908834;548;285;69;199;120;79;17;263;51;168;101;67;44;;;;;;;;;;;;
Leśniów Mały;0908840;233;118;22;86;52;34;10;115;29;69;43;26;17;;;;;;;;;;;;
Leśniów Wielki;0908857;556;270;55;197;107;90;18;286;50;175;116;59;61;;;;;;;;;;;;
Nietkowice;0908863;659;336;67;242;132;110;27;323;67;190;121;69;66;;;;;;;;;;;;
Nietków;0908870;1391;668;163;463;282;181;42;723;159;434;293;141;130;;;;;;;;;;;;
Płoty;0908900;1099;537;135;379;238;141;23;562;126;356;248;108;80;;;;;;;;;;;;
Sudoł;0908917;150;73;23;44;28;16;6;77;14;50;36;14;13;;;;;;;;;;;;
Sycowice;0908923;262;137;26;95;57;38;16;125;22;74;46;28;29;;;;;;;;;;;;
Wysokie;0908930;132;62;11;44;21;23;7;70;16;41;26;15;13;;;;;;;;;;;;
Zagórze;0908952;136;68;10;51;32;19;7;68;17;42;26;16;9;;;;;;;;;;;;
gm. m-w. Kargowa;0809043;5839;2843;581;2019;1227;792;243;2996;621;1780;1170;610;595;;;;;;;;;;;;
m. Kargowa;0809044;3711;1793;363;1273;789;484;157;1918;381;1163;757;406;374;;;;;;;;;;;;
Kargowa;0988448;3711;1793;363;1273;789;484;157;1918;381;1163;757;406;374;;;;;;;;;;;;
w. Kargowa;0809045;2128;1050;218;746;438;308;86;1078;240;617;413;204;221;;;;;;;;;;;;
Chwalim;0909986;405;193;40;143;76;67;10;212;47;117;82;35;48;;;;;;;;;;;;
Dąbrówka;0909992;112;48;9;34;19;15;5;64;17;37;27;10;10;;;;;;;;;;;;
Karszyn;0910009;299;158;32;112;69;43;14;141;36;77;48;29;28;;;;;;;;;;;;
Nowy Jaromierz;0910021;73;35;14;19;12;7;2;38;10;20;16;4;8;;;;;;;;;;;;
Obra Dolna;0910038;112;59;17;37;21;16;5;53;11;31;21;10;11;;;;;;;;;;;;
Smolno Wielkie;0910067;693;342;69;244;151;93;29;351;81;213;132;81;57;;;;;;;;;;;;
Stary Jaromierz;0910073;222;115;26;80;51;29;9;107;19;63;47;16;25;;;;;;;;;;;;
Wojnowo;0910080;212;100;11;77;39;38;12;112;19;59;40;19;34;;;;;;;;;;;;
gm. m-w. Nowogród Bobrzański;0809053;9456;4668;938;3371;2025;1346;359;4788;952;2958;1949;1009;878;;;;;;;;;;;;
m. Nowogród Bobrzański;0809054;5172;2526;485;1849;1082;767;192;2646;489;1703;1079;624;454;;;;;;;;;;;;
Nowogród Bobrzański;0988572;5172;2526;485;1849;1082;767;192;2646;489;1703;1079;624;454;;;;;;;;;;;;
w. Nowogród Bobrzański;0809055;4284;2142;453;1522;943;579;167;2142;463;1255;870;385;424;;;;;;;;;;;;
Białowice;0912480;124;69;12;49;32;17;8;55;8;28;23;5;19;;;;;;;;;;;;
Bogaczów;0912497;498;242;41;182;101;81;19;256;42;160;110;50;54;;;;;;;;;;;;
Cieszów;0912511;64;32;7;20;11;9;5;32;9;18;14;4;5;;;;;;;;;;;;
Dobroszów Mały;0912528;104;53;13;38;26;12;2;51;16;31;20;11;4;;;;;;;;;;;;
Dobroszów Wielki;0912534;154;77;13;57;33;24;7;77;18;47;30;17;12;;;;;;;;;;;;
Drągowina;0912557;421;210;38;153;100;53;19;211;47;118;76;42;46;;;;;;;;;;;;
Kaczenice;0912563;203;109;24;79;51;28;6;94;16;62;41;21;16;;;;;;;;;;;;
Kamionka;0912570;135;73;16;54;33;21;3;62;11;39;27;12;12;;;;;;;;;;;;
Klępina;0912586;305;148;30;102;61;41;16;157;34;91;64;27;32;;;;;;;;;;;;
Kotowice;0912592;411;214;57;144;90;54;13;197;54;113;77;36;30;;;;;;;;;;;;
Krzywa;0912600;123;63;13;46;33;13;4;60;13;38;30;8;9;;;;;;;;;;;;
Łagoda;0912623;57;31;7;24;18;6;0;26;7;14;11;3;5;;;;;;;;;;;;
Niwiska;0912630;407;201;39;142;95;47;20;206;43;122;84;38;41;;;;;;;;;;;;
Pierzwin;0912646;266;128;31;89;53;36;8;138;36;76;58;18;26;;;;;;;;;;;;
Podgórzyce;0912669;91;44;5;36;20;16;3;47;12;23;16;7;12;;;;;;;;;;;;
Przybymierz;0912681;323;162;37;117;77;40;8;161;37;101;67;34;23;;;;;;;;;;;;
Skibice;0912698;96;41;14;23;8;15;4;55;17;28;18;10;10;;;;;;;;;;;;
Sobolice;0912706;35;15;0;12;4;8;3;20;1;10;5;5;9;;;;;;;;;;;;
Sterków;0912712;79;35;10;21;15;6;4;44;9;25;20;5;10;;;;;;;;;;;;
Urzuty;0912735;255;131;27;91;56;35;13;124;19;68;46;22;37;;;;;;;;;;;;
Wysoka;0912741;133;64;19;43;26;17;2;69;14;43;33;10;12;;;;;;;;;;;;
gm. m-w. Sulechów;0809063;26726;13065;2577;9406;5616;3790;1082;13661;2347;8536;5400;3136;2778;;;;;;;;;;;;
m. Sulechów;0809064;17752;8590;1612;6261;3732;2529;717;9162;1464;5802;3610;2192;1896;;;;;;;;;;;;
Sulechów;0988595;17752;8590;1612;6261;3732;2529;717;9162;1464;5802;3610;2192;1896;;;;;;;;;;;;
w. Sulechów;0809065;8974;4475;965;3145;1884;1261;365;4499;883;2734;1790;944;882;;;;;;;;;;;;
Brody;0914088;732;380;65;282;168;114;33;352;58;224;147;77;70;;;;;;;;;;;;
Brzezie k. Pomorska;0914094;19;10;0;7;3;4;3;9;1;4;2;2;4;;;;;;;;;;;;
Brzezie k. Sulechowa;0914102;746;376;96;254;164;90;26;370;75;239;171;68;56;;;;;;;;;;;;
Buków;0914148;601;308;77;208;131;77;23;293;64;174;121;53;55;;;;;;;;;;;;
Cigacice;0914154;812;391;68;278;162;116;45;421;71;253;162;91;97;;;;;;;;;;;;
Głogusz;0914160;185;85;18;58;32;26;9;100;25;60;40;20;15;;;;;;;;;;;;
Górki Małe;0914177;189;95;21;66;41;25;8;94;14;57;37;20;23;;;;;;;;;;;;
Górzykowo;0914190;307;149;32;106;69;37;11;158;32;101;67;34;25;;;;;;;;;;;;
Kalsk;0914208;903;459;116;305;188;117;38;444;82;274;183;91;88;;;;;;;;;;;;
Karczyn;0914220;61;29;9;17;12;5;3;32;9;18;13;5;5;;;;;;;;;;;;
Kije;0914237;830;424;84;310;171;139;30;406;76;233;138;95;97;;;;;;;;;;;;
Klępsk;0914272;620;302;76;203;125;78;23;318;77;180;118;62;61;;;;;;;;;;;;
Krężoły;0914295;523;272;57;191;117;74;24;251;44;155;95;60;52;;;;;;;;;;;;
Kruszyna;0914303;719;346;73;244;151;93;29;373;81;223;148;75;69;;;;;;;;;;;;
Leśna Góra;0914310;59;30;5;22;13;9;3;29;2;20;11;9;7;;;;;;;;;;;;
Łęgowo;0914326;288;145;25;112;61;51;8;143;24;90;54;36;29;;;;;;;;;;;;
Mozów;0914332;374;188;44;136;81;55;8;186;42;114;76;38;30;;;;;;;;;;;;
Nowy Świat;0914361;88;44;10;28;20;8;6;44;10;28;16;12;6;;;;;;;;;;;;
Obłotne;0914378;184;90;19;63;39;24;8;94;23;58;40;18;13;;;;;;;;;;;;
Okunin;0914384;150;77;19;51;30;21;7;73;13;44;32;12;16;;;;;;;;;;;;
Pomorsko;0914390;584;275;51;204;106;98;20;309;60;185;119;66;64;;;;;;;;;;;;
gm.w. Świdnica;0809072;6155;3069;632;2193;1300;893;244;3086;616;1902;1203;699;568;;;;;;;;;;;;
Buchałów;0914763;238;123;24;81;46;35;18;115;16;71;45;26;28;;;;;;;;;;;;
Drzonów;0914770;359;182;42;123;69;54;17;177;30;105;70;35;42;;;;;;;;;;;;
Grabowiec;0914792;227;116;32;73;42;31;11;111;23;70;44;26;18;;;;;;;;;;;;
Koźla;0914800;561;279;52;206;129;77;21;282;51;166;107;59;65;;;;;;;;;;;;
Letnica;0914817;613;311;70;217;134;83;24;302;50;196;127;69;56;;;;;;;;;;;;
Lipno;0914830;171;92;17;69;41;28;6;79;15;49;27;22;15;;;;;;;;;;;;
Piaski;0914846;204;112;25;78;46;32;9;92;15;58;37;21;19;;;;;;;;;;;;
Radomia;0914852;275;138;27;100;61;39;11;137;26;86;59;27;25;;;;;;;;;;;;
Słone;0914875;522;267;61;187;110;77;19;255;55;154;97;57;46;;;;;;;;;;;;
Świdnica;0914881;1857;892;180;653;394;259;59;965;228;578;380;198;159;;;;;;;;;;;;
Wilkanowo;0914906;1128;557;102;406;228;178;49;571;107;369;210;159;95;;;;;;;;;;;;
gm.w. Trzebiechów;0809082;3337;1706;355;1208;708;500;143;1631;348;944;615;329;339;;;;;;;;;;;;
Borek;0915596;126;65;15;44;26;18;6;61;20;28;16;12;13;;;;;;;;;;;;
Gębice;0915604;56;33;7;24;16;8;2;23;6;12;8;4;5;;;;;;;;;;;;
Głęboka;0915610;73;33;5;26;15;11;2;40;15;18;13;5;7;;;;;;;;;;;;
Głuchów;0915627;446;229;49;161;92;69;19;217;47;130;79;51;40;;;;;;;;;;;;
Ledno;0915640;113;63;23;38;26;12;2;50;15;32;24;8;3;;;;;;;;;;;;
Mieszkowo;0915656;64;30;5;25;20;5;0;34;7;21;17;4;6;;;;;;;;;;;;
Ostrzyce;0915662;251;125;22;93;51;42;10;126;30;74;52;22;22;;;;;;;;;;;;
Podlegórz;0915679;310;155;36;109;61;48;10;155;31;91;63;28;33;;;;;;;;;;;;
Radowice;0915685;217;111;15;81;43;38;15;106;16;56;34;22;34;;;;;;;;;;;;
Swarzynice;0915691;624;333;75;231;143;88;27;291;63;175;115;60;53;;;;;;;;;;;;
Trzebiechów;0915700;1057;529;103;376;215;161;50;528;98;307;194;113;123;;;;;;;;;;;;
gm.w. Zabór;0809092;3826;1885;436;1317;791;526;132;1941;403;1205;801;404;333;;;;;;;;;;;;
Czarna;0916779;139;74;9;60;30;30;5;65;13;38;25;13;14;;;;;;;;;;;;
Dąbrowa;0916785;131;69;12;50;30;20;7;62;10;36;23;13;16;;;;;;;;;;;;
Droszków;0916791;897;432;109;297;183;114;26;465;114;296;211;85;55;;;;;;;;;;;;
Łaz;0916800;333;166;46;109;70;39;11;167;36;104;73;31;27;;;;;;;;;;;;
Milsko;0916822;355;173;39;120;80;40;14;182;47;95;69;26;40;;;;;;;;;;;;
Przytok;0916839;776;394;115;254;152;102;25;382;72;248;153;95;62;;;;;;;;;;;;
Tarnawa;0916868;170;85;19;59;41;18;7;85;22;50;33;17;13;;;;;;;;;;;;
Zabór;0916880;1025;492;87;368;205;163;37;533;89;338;214;124;106;;;;;;;;;;;;
gm.w. Zielona Góra;0809102;18497;9163;2013;6567;4023;2544;583;9334;1923;5940;3920;2020;1471;;;;;;;;;;;;
Barcikowice;0917313;187;94;18;73;47;26;3;93;20;61;42;19;12;;;;;;;;;;;;
Drzonków;0917336;1589;781;169;577;320;257;35;808;185;513;303;210;110;;;;;;;;;;;;
Jany;0917342;411;207;35;163;102;61;9;204;44;126;86;40;34;;;;;;;;;;;;
Jarogniewice;0917359;314;159;36;113;70;43;10;155;33;94;61;33;28;;;;;;;;;;;;
Jeleniów;0917365;170;83;16;61;37;24;6;87;20;53;40;13;14;;;;;;;;;;;;
Kiełpin;0917371;150;73;12;54;31;23;7;77;11;54;34;20;12;;;;;;;;;;;;
Krępa;0917388;693;351;74;244;156;88;33;342;75;198;135;63;69;;;;;;;;;;;;
Łężyca;0917402;1939;953;262;663;502;161;28;986;232;678;541;137;76;;;;;;;;;;;;
Ługowo;0917419;108;55;16;38;28;10;1;53;13;33;22;11;7;;;;;;;;;;;;
Nowy Kisielin;0917431;1192;607;140;426;267;159;41;585;116;372;234;138;97;;;;;;;;;;;;
Ochla;0917448;1901;932;206;669;386;283;57;969;189;630;408;222;150;;;;;;;;;;;;
Przylep;0917477;3063;1495;307;1081;655;426;107;1568;311;969;637;332;288;;;;;;;;;;;;
Racula;0917483;2355;1155;240;839;481;358;76;1200;237;784;489;295;179;;;;;;;;;;;;
Stary Kisielin;0917490;1733;862;185;600;366;234;77;871;163;550;352;198;158;;;;;;;;;;;;
Sucha;0917514;289;148;24;118;62;56;6;141;33;93;55;38;15;;;;;;;;;;;;
Zatonie;0917537;685;353;86;243;154;89;24;332;78;205;136;69;49;;;;;;;;;;;;
Zawada;0917543;1718;855;187;605;359;246;63;863;163;527;345;182;173;;;;;;;;;;;;
Powiat żagański;0810;82711;40391;8080;28837;16898;11939;3474;42320;7609;25294;15851;9443;9417;;;;;;;;;;;;
gm. m. Gozdnica;0810011;3356;1635;316;1146;670;476;173;1721;285;1014;597;417;422;;;;;;;;;;;;
Gozdnica;0988388;3356;1635;316;1146;670;476;173;1721;285;1014;597;417;422;;;;;;;;;;;;
gm. m. Żagań;0810021;26791;12945;2472;9352;5408;3944;1121;13846;2249;8492;5093;3399;3105;;;;;;;;;;;;
Żagań;0988661;26791;12945;2472;9352;5408;3944;1121;13846;2249;8492;5093;3399;3105;;;;;;;;;;;;
gm.w. Brzeźnica;0810032;3855;1938;434;1350;791;559;154;1917;412;1145;767;378;360;;;;;;;;;;;;
Brzeźnica;0908231;870;445;125;289;180;109;31;425;99;256;182;74;70;;;;;;;;;;;;
Chotków;0908248;776;407;86;289;169;120;32;369;73;218;141;77;78;;;;;;;;;;;;
Jabłonów;0908260;617;300;62;215;132;83;23;317;69;194;129;65;54;;;;;;;;;;;;
Karczówka;0908277;154;72;15;54;27;27;3;82;19;53;35;18;10;;;;;;;;;;;;
Marcinów;0908283;119;64;16;42;23;19;6;55;12;31;21;10;12;;;;;;;;;;;;
Przylaski;0908290;235;122;24;82;44;38;16;113;20;64;36;28;29;;;;;;;;;;;;
Stanów;0908314;239;109;22;79;42;37;8;130;24;75;54;21;31;;;;;;;;;;;;
Wichów;0908320;500;242;41;175;104;71;26;258;57;154;105;49;47;;;;;;;;;;;;
Wrzesiny;0908350;345;177;43;125;70;55;9;168;39;100;64;36;29;;;;;;;;;;;;
gm. m-w. Iłowa;0810043;7137;3458;666;2457;1419;1038;335;3679;664;2158;1338;820;857;;;;;;;;;;;;
m. Iłowa;0810044;4067;1938;386;1340;771;569;212;2129;363;1244;773;471;522;;;;;;;;;;;;
Iłowa;0988402;4067;1938;386;1340;771;569;212;2129;363;1244;773;471;522;;;;;;;;;;;;
w. Iłowa;0810045;3070;1520;280;1117;648;469;123;1550;301;914;565;349;335;;;;;;;;;;;;
Borowe;0909673;471;239;54;171;104;67;14;232;46;140;92;48;46;;;;;;;;;;;;
Czerna;0909696;367;180;39;124;74;50;17;187;33;112;71;41;42;;;;;;;;;;;;
Czyżówek;0909704;535;260;43;197;108;89;20;275;53;176;108;68;46;;;;;;;;;;;;
Jankowa Żagańska;0909710;461;225;27;174;95;79;24;236;42;128;74;54;66;;;;;;;;;;;;
Klików;0909727;100;56;10;43;25;18;3;44;11;25;15;10;8;;;;;;;;;;;;
Konin Żagański;0909733;702;347;71;248;149;99;28;355;67;211;136;75;77;;;;;;;;;;;;
Kowalice;0909756;35;21;1;19;7;12;1;14;2;8;5;3;4;;;;;;;;;;;;
Szczepanów;0909762;238;109;23;77;48;29;9;129;33;69;43;26;27;;;;;;;;;;;;
Wilkowisko;0909779;56;29;4;21;13;8;4;27;4;15;8;7;8;;;;;;;;;;;;
Żaganiec;0909785;105;54;8;43;25;18;3;51;10;30;13;17;11;;;;;;;;;;;;
gm. m-w. Małomice;0810053;5381;2644;435;1958;1153;805;251;2737;492;1574;967;607;671;;;;;;;;;;;;
m. Małomice;0810054;3634;1772;296;1310;768;542;166;1862;327;1081;656;425;454;;;;;;;;;;;;
Małomice;0988514;3634;1772;296;1310;768;542;166;1862;327;1081;656;425;454;;;;;;;;;;;;
w. Małomice;0810055;1747;872;139;648;385;263;85;875;165;493;311;182;217;;;;;;;;;;;;
Bobrzany;0911581;450;226;33;165;93;72;28;224;28;133;75;58;63;;;;;;;;;;;;
Chichy;0911598;405;201;38;147;86;61;16;204;42;111;70;41;51;;;;;;;;;;;;
Janowiec;0911606;286;139;27;97;60;37;15;147;31;78;55;23;38;;;;;;;;;;;;
Lubiechów;0911612;205;100;14;81;51;30;5;105;20;60;42;18;25;;;;;;;;;;;;
Śliwnik;0911629;224;110;14;84;51;33;12;114;25;63;41;22;26;;;;;;;;;;;;
Żelisław;0911635;177;96;13;74;44;30;9;81;19;48;28;20;14;;;;;;;;;;;;
gm.w. Niegosławice;0810062;4660;2316;513;1608;958;650;195;2344;503;1337;879;458;504;;;;;;;;;;;;
Bukowica;0911888;181;88;21;59;35;24;8;93;25;47;32;15;21;;;;;;;;;;;;
Gościeszowice;0911925;860;445;94;309;174;135;42;415;76;243;160;83;96;;;;;;;;;;;;
Krzywczyce;0911948;93;42;11;24;12;12;7;51;11;27;19;8;13;;;;;;;;;;;;
Mycielin;0911954;398;189;38;141;77;64;10;209;37;121;79;42;51;;;;;;;;;;;;
Niegosławice;0911960;944;466;96;331;210;121;39;478;101;272;171;101;105;;;;;;;;;;;;
Nowa Jabłona;0911983;351;157;34;107;64;43;16;194;44;108;75;33;42;;;;;;;;;;;;
Przecław;0912014;670;347;87;226;149;77;34;323;81;182;126;56;60;;;;;;;;;;;;
Rudziny;0912020;191;92;23;66;33;33;3;99;18;62;35;27;19;;;;;;;;;;;;
Stara Jabłona;0912037;262;133;26;96;58;38;11;129;31;69;47;22;29;;;;;;;;;;;;
Sucha Dolna;0912043;316;159;35;113;70;43;11;157;28;93;63;30;36;;;;;;;;;;;;
Zimna Brzeźnica;0912050;394;198;48;136;76;60;14;196;51;113;72;41;32;;;;;;;;;;;;
gm. m-w. Szprotawa;0810073;21958;10657;2215;7542;4417;3125;900;11301;2079;6663;4305;2358;2559;;;;;;;;;;;;
m. Szprotawa;0810074;12630;6065;1138;4369;2501;1868;558;6565;1095;3813;2374;1439;1657;;;;;;;;;;;;
Szprotawa;0988603;12630;6065;1138;4369;2501;1868;558;6565;1095;3813;2374;1439;1657;;;;;;;;;;;;
w. Szprotawa;0810075;9328;4592;1077;3173;1916;1257;342;4736;984;2850;1931;919;902;;;;;;;;;;;;
Biernatów;0914533;40;21;4;14;8;6;3;19;4;12;6;6;3;;;;;;;;;;;;
Bobrowice;0914540;150;78;13;58;35;23;7;72;16;39;23;16;17;;;;;;;;;;;;
Borowina;0914556;310;148;31;102;46;56;15;162;33;86;51;35;43;;;;;;;;;;;;
Buczek;0914562;10;5;0;4;1;3;1;5;0;4;2;2;1;;;;;;;;;;;;
Cieciszów;0914579;118;63;7;49;24;25;7;55;7;32;22;10;16;;;;;;;;;;;;
Długie;0914585;958;480;117;329;180;149;34;478;85;283;179;104;110;;;;;;;;;;;;
Dziećmiarowice;0914591;265;145;31;104;59;45;10;120;26;74;55;19;20;;;;;;;;;;;;
Dzikowice;0914600;527;265;61;173;94;79;31;262;43;150;94;56;69;;;;;;;;;;;;
Henryków;0914622;439;219;45;153;89;64;21;220;45;129;83;46;46;;;;;;;;;;;;
Kartowice;0914639;137;64;14;43;25;18;7;73;13;47;30;17;13;;;;;;;;;;;;
Leszno Dolne;0914645;342;162;39;115;71;44;8;180;40;107;68;39;33;;;;;;;;;;;;
Leszno Górne;0914674;1319;619;103;446;258;188;70;700;111;412;255;157;177;;;;;;;;;;;;
Nowa Kopernia;0914680;284;141;34;101;63;38;6;143;25;87;59;28;31;;;;;;;;;;;;
Pasterzowice;0914705;537;269;55;198;111;87;16;268;45;171;101;70;52;;;;;;;;;;;;
Siecieborzyce;0914711;957;491;102;353;204;149;36;466;98;281;180;101;87;;;;;;;;;;;;
Sieraków;0914734;140;64;10;46;29;17;8;76;18;45;31;14;13;;;;;;;;;;;;
Wiechlice;0914740;2284;1111;359;714;518;196;38;1173;326;735;590;145;112;;;;;;;;;;;;
Witków;0914757;511;247;52;171;101;70;24;264;49;156;102;54;59;;;;;;;;;;;;
gm.w. Wymiarki;0810082;2475;1197;211;893;518;375;93;1278;237;764;465;299;277;;;;;;;;;;;;
Lubartów;0916704;47;27;4;23;11;12;0;20;5;10;6;4;5;;;;;;;;;;;;
Lubieszów;0916710;97;45;10;31;18;13;4;52;9;37;22;15;6;;;;;;;;;;;;
Lutynka;0916727;188;101;16;80;39;41;5;87;17;51;38;13;19;;;;;;;;;;;;
Silno Małe;0916733;84;41;8;25;15;10;8;43;8;23;16;7;12;;;;;;;;;;;;
Witoszyn;0916740;839;396;73;282;173;109;41;443;84;248;166;82;111;;;;;;;;;;;;
Wymiarki;0916762;1220;587;100;452;262;190;35;633;114;395;217;178;124;;;;;;;;;;;;
gm.w. Żagań;0810092;7098;3601;818;2531;1564;967;252;3497;688;2147;1440;707;662;;;;;;;;;;;;
Bożnów;0917550;905;433;81;323;192;131;29;472;98;282;177;105;92;;;;;;;;;;;;
Bukowina Bobrzańska;0917572;382;200;46;137;71;66;17;182;29;108;72;36;45;;;;;;;;;;;;
Chrobrów;0917610;343;162;29;119;65;54;14;181;31;107;71;36;43;;;;;;;;;;;;
Dzietrzychowice;0917626;802;417;88;300;190;110;29;385;61;243;158;85;81;;;;;;;;;;;;
Gorzupia;0917655;99;59;16;39;23;16;4;40;6;25;16;9;9;;;;;;;;;;;;
Gorzupia Dolna;0917678;166;87;16;63;44;19;8;79;21;43;29;14;15;;;;;;;;;;;;
Gryżyce;0917690;44;22;5;16;13;3;1;22;3;16;10;6;3;;;;;;;;;;;;
Jelenin;0917709;706;362;84;253;155;98;25;344;68;199;137;62;77;;;;;;;;;;;;
Kocin;0917738;72;37;6;27;16;11;4;35;5;22;14;8;8;;;;;;;;;;;;
Łozy;0917750;277;148;35;103;72;31;10;129;25;72;49;23;32;;;;;;;;;;;;
Marysin;0917649;40;18;5;11;3;8;2;22;3;9;7;2;10;;;;;;;;;;;;
Miodnica;0917767;572;286;60;197;122;75;29;286;50;169;111;58;67;;;;;;;;;;;;
Pożarów;0917773;217;115;19;88;50;38;8;102;13;65;38;27;24;;;;;;;;;;;;
Pruszków;0917780;62;29;5;24;14;10;0;33;9;18;9;9;6;;;;;;;;;;;;
Rudawica;0917796;340;178;43;121;73;48;14;162;29;100;69;31;33;;;;;;;;;;;;
Stara Kopernia;0917810;415;204;44;140;74;66;20;211;43;133;87;46;35;;;;;;;;;;;;
Stary Żagań;0917827;195;98;21;70;37;33;7;97;14;65;39;26;18;;;;;;;;;;;;
Tomaszowo;0988721;1155;585;181;376;275;101;28;570;150;375;290;85;45;;;;;;;;;;;;
Trzebów;0917840;306;161;34;124;75;49;3;145;30;96;57;39;19;;;;;;;;;;;;
Powiat żarski;0811;99896;48550;9927;34465;20361;14104;4158;51346;9428;30954;19512;11442;10964;;;;;;;;;;;;
gm. m. Łęknica;0811011;2631;1293;302;921;575;346;70;1338;270;837;569;268;231;;;;;;;;;;;;
Łęknica;0988508;2631;1293;302;921;575;346;70;1338;270;837;569;268;231;;;;;;;;;;;;
gm. m. Żary;0811021;39365;18665;3680;13263;7782;5481;1722;20700;3451;12521;7716;4805;4728;;;;;;;;;;;;
Żary;0988684;39365;18665;3680;13263;7782;5481;1722;20700;3451;12521;7716;4805;4728;;;;;;;;;;;;
gm.w. Brody;0811032;3571;1788;391;1268;740;528;129;1783;370;1091;695;396;322;;;;;;;;;;;;
Biecz;0908024;231;114;24;79;45;34;11;117;17;68;43;25;32;;;;;;;;;;;;
Brody;0908030;969;478;100;351;194;157;27;491;95;317;201;116;79;;;;;;;;;;;;
Brożek;0908047;61;31;6;22;13;9;3;30;1;25;14;11;4;;;;;;;;;;;;
Datyń;0908053;248;120;16;96;59;37;8;128;29;68;46;22;31;;;;;;;;;;;;
Grodziszcze;0908060;226;122;30;86;50;36;6;104;25;64;38;26;15;;;;;;;;;;;;
Jałowice;0908076;169;84;17;61;36;25;6;85;24;50;29;21;11;;;;;;;;;;;;
Janiszowice;0908099;50;21;5;12;7;5;4;29;6;17;9;8;6;;;;;;;;;;;;
Jasienica;0908107;169;88;23;59;37;22;6;81;25;41;26;15;15;;;;;;;;;;;;
Jeziory Dolne;0908113;202;113;36;65;45;20;12;89;13;60;40;20;16;;;;;;;;;;;;
Jeziory Wysokie;0908120;261;126;36;86;51;35;4;135;32;85;56;29;18;;;;;;;;;;;;
Koło;0908142;326;159;34;111;63;48;14;167;36;96;64;32;35;;;;;;;;;;;;
Kumiałtowice;0908159;147;74;15;50;31;19;9;73;16;39;29;10;18;;;;;;;;;;;;
Nabłoto;0908165;132;69;13;52;29;23;4;63;12;43;28;15;8;;;;;;;;;;;;
Suchodół;0908194;72;32;6;23;15;8;3;40;13;22;18;4;5;;;;;;;;;;;;
Wierzchno;0908202;61;32;6;25;17;8;1;29;7;18;8;10;4;;;;;;;;;;;;
Zasieki;0908219;247;125;24;90;48;42;11;122;19;78;46;32;25;;;;;;;;;;;;
gm. m-w. Jasień;0811043;7314;3659;742;2604;1532;1072;313;3655;692;2172;1386;786;791;;;;;;;;;;;;
m. Jasień;0811044;4515;2253;445;1603;931;672;205;2262;403;1358;849;509;501;;;;;;;;;;;;
Jasień;0988431;4515;2253;445;1603;931;672;205;2262;403;1358;849;509;501;;;;;;;;;;;;
w. Jasień;0811045;2799;1406;297;1001;601;400;108;1393;289;814;537;277;290;;;;;;;;;;;;
Bieszków;0909791;140;70;17;44;27;17;9;70;12;37;25;12;21;;;;;;;;;;;;
Bronice;0909800;131;68;15;46;26;20;7;63;9;40;26;14;14;;;;;;;;;;;;
Budziechów;0909816;378;196;38;142;84;58;16;182;21;114;65;49;47;;;;;;;;;;;;
Golin;0909839;138;71;15;52;37;15;4;67;19;37;24;13;11;;;;;;;;;;;;
Guzów;0909845;223;105;22;74;48;26;9;118;28;64;50;14;26;;;;;;;;;;;;
Jabłoniec;0909851;261;125;30;84;51;33;11;136;47;65;46;19;24;;;;;;;;;;;;
Jaryszów;0909874;191;107;33;69;45;24;5;84;24;48;32;16;12;;;;;;;;;;;;
Jasionna;0909880;52;24;4;16;3;13;4;28;4;16;8;8;8;;;;;;;;;;;;
Jurzyn;0909897;78;46;9;33;21;12;4;32;4;18;13;5;10;;;;;;;;;;;;
Lipsk Żarski;0909905;50;29;2;23;13;10;4;21;2;11;8;3;8;;;;;;;;;;;;
Lisia Góra;0909911;147;65;10;48;28;20;7;82;19;51;30;21;12;;;;;;;;;;;;
Mirkowice;0909928;177;92;17;70;49;21;5;85;23;56;35;21;6;;;;;;;;;;;;
Roztoki;0909934;63;28;6;19;12;7;3;35;2;17;11;6;16;;;;;;;;;;;;
Świbna;0909940;149;76;17;55;28;27;4;73;13;45;32;13;15;;;;;;;;;;;;
Wicina;0909957;209;104;23;78;48;30;3;105;18;66;40;26;21;;;;;;;;;;;;
Zabłocie;0909963;355;167;33;124;67;57;10;188;39;114;81;33;35;;;;;;;;;;;;
Zieleniec;0909970;57;33;6;24;14;10;3;24;5;15;11;4;4;;;;;;;;;;;;
gm.w. Lipinki Łużyckie;0811052;3269;1610;331;1144;686;458;135;1659;334;977;628;349;348;;;;;;;;;;;;
Boruszyn;0910742;201;110;17;83;50;33;10;91;17;59;33;26;15;;;;;;;;;;;;
Brzostowa;0910759;112;54;10;37;21;16;7;58;13;29;21;8;16;;;;;;;;;;;;
Cisowa;0910765;61;30;5;19;14;5;6;31;6;18;14;4;7;;;;;;;;;;;;
Górka;0910771;151;65;10;49;29;20;6;86;15;49;33;16;22;;;;;;;;;;;;
Grotów;0910788;384;183;41;131;75;56;11;201;46;112;68;44;43;;;;;;;;;;;;
Lipinki Łużyckie;0910794;1569;806;165;572;350;222;69;763;136;460;292;168;167;;;;;;;;;;;;
Pietrzyków;0910802;265;112;27;80;49;31;5;153;47;84;62;22;22;;;;;;;;;;;;
Piotrowice;0910819;23;14;3;9;6;3;2;9;2;6;3;3;1;;;;;;;;;;;;
Sieciejów;0910825;119;51;14;32;19;13;5;68;17;38;24;14;13;;;;;;;;;;;;
Suchleb;0910831;142;67;10;50;27;23;7;75;13;42;24;18;20;;;;;;;;;;;;
Tyliczki;0910848;35;15;6;8;4;4;1;20;7;8;6;2;5;;;;;;;;;;;;
Zajączek;0910854;207;103;23;74;42;32;6;104;15;72;48;24;17;;;;;;;;;;;;
gm. m-w. Lubsko;0811063;19369;9473;1928;6710;3882;2828;835;9896;1792;5976;3726;2250;2128;;;;;;;;;;;;
m. Lubsko;0811064;14774;7181;1445;5073;2894;2179;663;7593;1291;4591;2802;1789;1711;;;;;;;;;;;;
Lubsko;0988490;14774;7181;1445;5073;2894;2179;663;7593;1291;4591;2802;1789;1711;;;;;;;;;;;;
w. Lubsko;0811065;4595;2292;483;1637;988;649;172;2303;501;1385;924;461;417;;;;;;;;;;;;
Białków;0911061;325;148;29;105;67;38;14;177;49;97;66;31;31;;;;;;;;;;;;
Chełm Żarski;0911084;85;39;6;30;18;12;3;46;11;28;17;11;7;;;;;;;;;;;;
Chocicz;0911090;358;175;40;128;77;51;7;183;45;108;73;35;30;;;;;;;;;;;;
Chocimek;0911109;65;31;7;21;9;12;3;34;8;23;16;7;3;;;;;;;;;;;;
Dąbrowa;0911115;163;78;17;51;33;18;10;85;22;47;33;14;16;;;;;;;;;;;;
Dłużek;0911121;294;150;39;97;58;39;14;144;25;81;57;24;38;;;;;;;;;;;;
Górzyn;0911138;966;482;104;347;215;132;31;484;88;313;210;103;83;;;;;;;;;;;;
Grabków;0911150;230;112;26;80;45;35;6;118;29;73;52;21;16;;;;;;;;;;;;
Kałek;0911167;62;26;7;16;8;8;3;36;10;21;15;6;5;;;;;;;;;;;;
Lutol;0911173;271;140;18;112;74;38;10;131;27;80;47;33;24;;;;;;;;;;;;
Mierków;0911204;325;164;26;124;68;56;14;161;35;90;52;38;36;;;;;;;;;;;;
Mokra;0911227;146;72;14;55;32;23;3;74;20;45;29;16;9;;;;;;;;;;;;
Osiek;0911233;142;79;21;51;31;20;7;63;11;39;27;12;13;;;;;;;;;;;;
Raszyn;0911240;204;98;18;67;43;24;13;106;20;62;43;19;24;;;;;;;;;;;;
Stara Woda;0911256;181;103;24;68;43;25;11;78;12;42;29;13;24;;;;;;;;;;;;
Tarnów;0911262;46;23;4;19;11;8;0;23;1;17;10;7;5;;;;;;;;;;;;
Tuchola Żarska;0911279;517;261;54;190;116;74;17;256;59;161;109;52;36;;;;;;;;;;;;
Tymienice;0911285;109;54;18;34;20;14;2;55;17;30;22;8;8;;;;;;;;;;;;
Ziębikowo;0911291;106;57;11;42;20;22;4;49;12;28;17;11;9;;;;;;;;;;;;
gm.w. Przewóz;0811072;3258;1617;360;1125;658;467;132;1641;345;969;632;337;327;;;;;;;;;;;;
Bucze;0912847;73;40;11;23;12;11;6;33;4;22;16;6;7;;;;;;;;;;;;
Dąbrowa Łużycka;0912853;134;65;14;48;28;20;3;69;13;42;23;19;14;;;;;;;;;;;;
Dobrochów;0912876;149;70;16;43;27;16;11;79;21;43;33;10;15;;;;;;;;;;;;
Dobrzyń;0912882;47;27;8;17;11;6;2;20;2;11;9;2;7;;;;;;;;;;;;
Jamno;0912899;27;14;2;9;4;5;3;13;3;5;4;1;5;;;;;;;;;;;;
Lipna;0912907;497;235;55;155;88;67;25;262;61;136;89;47;65;;;;;;;;;;;;
Mielno;0912920;219;107;23;75;48;27;9;112;22;72;46;26;18;;;;;;;;;;;;
Piotrów;0912936;478;239;60;166;96;70;13;239;52;146;96;50;41;;;;;;;;;;;;
Potok;0912942;145;71;11;50;27;23;10;74;16;43;28;15;15;;;;;;;;;;;;
Przewóz;0912959;844;420;92;300;180;120;28;424;82;266;170;96;76;;;;;;;;;;;;
Sanice;0912965;237;122;28;86;47;39;8;115;28;64;41;23;23;;;;;;;;;;;;
Sobolice;0912971;84;44;12;28;19;9;4;40;11;21;16;5;8;;;;;;;;;;;;
Straszów;0912988;276;136;27;102;61;41;7;140;25;89;58;31;26;;;;;;;;;;;;
Włochów;0912994;48;27;1;23;10;13;3;21;5;9;3;6;7;;;;;;;;;;;;
gm.w. Trzebiel;0811082;5871;2917;607;2059;1259;800;251;2954;631;1690;1103;587;633;;;;;;;;;;;;
Bronowice;0915930;367;182;35;129;69;60;18;185;46;98;61;37;41;;;;;;;;;;;;
Buczyny;0915722;84;40;8;26;20;6;6;44;8;25;16;9;11;;;;;;;;;;;;
Chudzowice;0915739;96;45;9;30;20;10;6;51;18;22;17;5;11;;;;;;;;;;;;
Chwaliszowice;0915745;259;127;25;93;59;34;9;132;29;69;44;25;34;;;;;;;;;;;;
Czaple;0915751;181;91;17;66;40;26;8;90;20;47;31;16;23;;;;;;;;;;;;
Dębinka;0915768;296;143;22;110;66;44;11;153;28;84;53;31;41;;;;;;;;;;;;
Gniewoszyce;0915774;10;6;1;3;2;1;2;4;1;2;2;0;1;;;;;;;;;;;;
Jasionów;0915780;79;38;8;27;18;9;3;41;9;26;16;10;6;;;;;;;;;;;;
Jędrzychowice;0915797;103;50;15;30;19;11;5;53;14;28;22;6;11;;;;;;;;;;;;
Jędrzychowiczki;0915805;77;44;10;32;19;13;2;33;6;16;9;7;11;;;;;;;;;;;;
Kałki;0915811;105;55;11;37;23;14;7;50;9;29;19;10;12;;;;;;;;;;;;
Kamienica nad Nysą Łużycką;0915828;103;47;11;32;20;12;4;56;10;32;20;12;14;;;;;;;;;;;;
Karsówka;0915834;93;45;11;30;16;14;4;48;8;26;17;9;14;;;;;;;;;;;;
Królów;0915857;118;62;15;43;30;13;4;56;12;31;22;9;13;;;;;;;;;;;;
Łuków;0915863;87;46;16;25;16;9;5;41;9;23;18;5;9;;;;;;;;;;;;
Marcinów;0915886;66;29;6;23;13;10;0;37;11;21;16;5;5;;;;;;;;;;;;
Mieszków;0915900;138;71;17;51;30;21;3;67;18;40;25;15;9;;;;;;;;;;;;
Niwica;0915917;375;187;35;127;74;53;25;188;44;107;71;36;37;;;;;;;;;;;;
Nowe Czaple;0915923;528;262;64;177;112;65;21;266;57;165;104;61;44;;;;;;;;;;;;
Olszyna;0915946;58;28;5;21;10;11;2;30;8;17;12;5;5;;;;;;;;;;;;
Przewoźniki;0915952;117;62;18;41;24;17;3;55;8;32;22;10;15;;;;;;;;;;;;
Rytwiny;0915975;100;48;9;36;23;13;3;52;14;27;20;7;11;;;;;;;;;;;;
Siedlec;0915981;90;40;7;29;15;14;4;50;16;30;19;11;4;;;;;;;;;;;;
Stare Czaple;0916006;124;53;7;42;32;10;4;71;18;40;29;11;13;;;;;;;;;;;;
Strzeszowice;0916012;165;84;19;59;39;20;6;81;17;52;32;20;12;;;;;;;;;;;;
Trzebiel;0916029;1342;663;133;481;296;185;49;679;129;407;261;146;143;;;;;;;;;;;;
Wierzbięcin;0916041;15;7;2;5;2;3;0;8;1;4;1;3;3;;;;;;;;;;;;
Włostowice;0916058;107;55;11;37;20;17;7;52;9;31;22;9;12;;;;;;;;;;;;
Żarki Małe;0916064;64;35;8;22;15;7;5;29;3;17;11;6;9;;;;;;;;;;;;
Żarki Wielkie;0916070;524;272;52;195;117;78;25;252;51;142;91;51;59;;;;;;;;;;;;
gm.w. Tuplice;0811092;3264;1603;317;1140;658;482;146;1661;300;1006;630;376;355;;;;;;;;;;;;
Chełmica;0916087;265;132;31;91;52;39;10;133;25;82;62;20;26;;;;;;;;;;;;
Chlebice;0916093;42;22;6;15;9;6;1;20;2;12;7;5;6;;;;;;;;;;;;
Cielmów;0916101;353;177;34;128;76;52;15;176;29;109;71;38;38;;;;;;;;;;;;
Czerna;0916118;91;48;9;37;21;16;2;43;4;30;17;13;9;;;;;;;;;;;;
Drzeniów;0916124;230;108;22;82;47;35;4;122;38;68;43;25;16;;;;;;;;;;;;
Grabów;0916130;145;74;15;51;33;18;8;71;14;39;25;14;18;;;;;;;;;;;;
Gręzawa;0916153;143;71;16;46;29;17;9;72;16;41;29;12;15;;;;;;;;;;;;
Jagłowice;0916160;97;49;8;37;20;17;4;48;4;27;17;10;17;;;;;;;;;;;;
Łazy;0916176;147;68;16;47;31;16;5;79;16;44;29;15;19;;;;;;;;;;;;
Matuszowice;0916182;51;26;3;19;10;9;4;25;5;12;8;4;8;;;;;;;;;;;;
Nowa Rola;0916199;127;65;9;48;28;20;8;62;11;36;20;16;15;;;;;;;;;;;;
Świbinki;0916207;130;73;10;57;31;26;6;57;10;37;21;16;10;;;;;;;;;;;;
Tuplice;0916213;1443;690;138;482;271;211;70;753;126;469;281;188;158;;;;;;;;;;;;
gm.w. Żary;0811102;11984;5925;1269;4231;2589;1642;425;6059;1243;3715;2427;1288;1101;;;;;;;;;;;;
Biedrzychowice Dolne;0917856;313;142;30;97;54;43;15;171;35;103;69;34;33;;;;;;;;;;;;
Bieniów;0917862;864;433;98;303;186;117;32;431;99;249;161;88;83;;;;;;;;;;;;
Bogumiłów;0917879;305;143;35;99;62;37;9;162;47;92;65;27;23;;;;;;;;;;;;
Dąbrowiec;0917891;62;34;5;26;18;8;3;28;9;17;11;6;2;;;;;;;;;;;;
Drozdów;0917900;127;65;13;48;29;19;4;62;13;37;26;11;12;;;;;;;;;;;;
Drożków;0917922;504;267;54;190;117;73;23;237;42;148;91;57;47;;;;;;;;;;;;
Grabik;0917939;922;455;96;325;203;122;34;467;99;285;187;98;83;;;;;;;;;;;;
Kadłubia;0917945;463;243;62;163;106;57;18;220;35;135;88;47;50;;;;;;;;;;;;
Lubanice;0917951;645;319;66;229;149;80;24;326;75;200;136;64;51;;;;;;;;;;;;
Lubomyśl;0917968;470;227;47;168;113;55;12;243;59;142;94;48;42;;;;;;;;;;;;
Łaz;0917974;470;223;34;175;108;67;14;247;48;148;84;64;51;;;;;;;;;;;;
Łukawy;0917980;130;65;14;44;28;16;7;65;12;39;25;14;14;;;;;;;;;;;;
Marszów;0917997;415;216;34;162;87;75;20;199;35;137;82;55;27;;;;;;;;;;;;
Miłowice;0918005;287;112;22;84;55;29;6;175;24;133;100;33;18;;;;;;;;;;;;
Mirostowice Dolne;0918011;1182;570;115;420;249;171;35;612;114;374;233;141;124;;;;;;;;;;;;
Mirostowice Górne;0918028;467;238;43;182;107;75;13;229;58;130;88;42;41;;;;;;;;;;;;
Olbrachtów;0918034;1019;485;114;344;203;141;27;534;109;336;213;123;89;;;;;;;;;;;;
Olszyniec;0918040;335;165;28;125;72;53;12;170;32;109;71;38;29;;;;;;;;;;;;
Rościce;0918057;102;48;8;36;25;11;4;54;11;35;22;13;8;;;;;;;;;;;;
Sieniawa Żarska;0918063;1109;561;141;389;229;160;31;548;97;344;223;121;107;;;;;;;;;;;;
Siodło;0918070;270;135;22;96;63;33;17;135;23;79;51;28;33;;;;;;;;;;;;
Stawnik;0918086;205;100;17;75;41;34;8;105;18;69;45;24;18;;;;;;;;;;;;
Surowa;0918092;184;88;18;64;46;18;6;96;22;56;40;16;18;;;;;;;;;;;;
Włostów;0918100;226;118;35;74;48;26;9;108;24;59;42;17;25;;;;;;;;;;;;
Złotnik;0918117;908;473;118;313;191;122;42;435;103;259;180;79;73;;;;;;;;;;;;
Powiat wschowski;0812;39349;19465;4290;13521;8203;5318;1654;19884;4092;11833;7673;4160;3959;;;;;;;;;;;;
gm. m-w. Sława;0812013;12467;6203;1419;4237;2562;1675;547;6264;1342;3719;2423;1296;1203;;;;;;;;;;;;
m. Sława;0812014;3966;1922;400;1331;776;555;191;2044;395;1225;754;471;424;;;;;;;;;;;;
Sława;0988589;3966;1922;400;1331;776;555;191;2044;395;1225;754;471;424;;;;;;;;;;;;
w. Sława;0812015;8501;4281;1019;2906;1786;1120;356;4220;947;2494;1669;825;779;;;;;;;;;;;;
Bagno;0913700;201;101;19;72;51;21;10;100;28;50;38;12;22;;;;;;;;;;;;
Ciosaniec;0913717;659;341;83;238;144;94;20;318;65;200;126;74;53;;;;;;;;;;;;
Droniki;0913730;166;77;19;48;33;15;10;89;26;42;32;10;21;;;;;;;;;;;;
Gola;0913746;253;122;41;70;42;28;11;131;34;72;55;17;25;;;;;;;;;;;;
Krążkowo;0913752;487;248;60;169;107;62;19;239;51;134;84;50;54;;;;;;;;;;;;
Krzepielów;0913775;747;387;93;261;164;97;33;360;81;207;141;66;72;;;;;;;;;;;;
Kuźnica Głogowska;0913812;264;126;28;90;46;44;8;138;31;87;57;30;20;;;;;;;;;;;;
Lipinki;0913864;640;316;79;215;133;82;22;324;72;186;126;60;66;;;;;;;;;;;;
Lubiatów;0913887;117;60;7;47;19;28;6;57;8;38;23;15;11;;;;;;;;;;;;
Lubogoszcz;0913924;640;326;68;240;147;93;18;314;63;207;122;85;44;;;;;;;;;;;;
Łupice;0913947;779;397;95;276;171;105;26;382;92;233;151;82;57;;;;;;;;;;;;
Nowe Strącze;0913960;107;56;15;36;24;12;5;51;13;25;18;7;13;;;;;;;;;;;;
Przybyszów;0913982;429;219;43;162;98;64;14;210;47;124;84;40;39;;;;;;;;;;;;
Radzyń;0914007;452;218;50;134;81;53;34;234;44;131;88;43;59;;;;;;;;;;;;
Spokojna;0914013;151;73;18;47;31;16;8;78;20;45;31;14;13;;;;;;;;;;;;
Stare Strącze;0914020;1390;704;170;459;275;184;75;686;153;403;278;125;130;;;;;;;;;;;;
Szreniawa;0914059;185;100;28;65;45;20;7;85;17;55;42;13;13;;;;;;;;;;;;
Śmieszkowo;0914042;449;216;55;142;88;54;19;233;61;138;100;38;34;;;;;;;;;;;;
Tarnów Jezierny;0914065;145;73;19;51;31;20;3;72;14;43;25;18;15;;;;;;;;;;;;
Wróblów;0914071;240;121;29;84;56;28;8;119;27;74;48;26;18;;;;;;;;;;;;
gm. m-w. Szlichtyngowa;0812023;5131;2566;606;1782;1084;698;178;2565;582;1526;1007;519;457;;;;;;;;;;;;
m. Szlichtyngowa;0812024;1317;645;142;456;270;186;47;672;139;391;251;140;142;;;;;;;;;;;;
Szlichtyngowa;0954640;1317;645;142;456;270;186;47;672;139;391;251;140;142;;;;;;;;;;;;
w. Szlichtyngowa;0812025;3814;1921;464;1326;814;512;131;1893;443;1135;756;379;315;;;;;;;;;;;;
Dryżyna;0376283;228;123;29;82;53;29;12;105;20;65;44;21;20;;;;;;;;;;;;
Gola;0376290;442;223;59;145;95;50;19;219;64;128;94;34;27;;;;;;;;;;;;
Górczyna;0376308;524;256;60;181;114;67;15;268;58;158;105;53;52;;;;;;;;;;;;
Jędrzychowice;0376320;681;356;98;240;147;93;18;325;74;208;128;80;43;;;;;;;;;;;;
Kowalewo;0376337;249;124;29;87;47;40;8;125;35;66;50;16;24;;;;;;;;;;;;
Nowe Drzewce;0376343;293;147;34;108;65;43;5;146;36;88;56;32;22;;;;;;;;;;;;
Stare Drzewce;0376366;753;374;82;262;160;102;30;379;82;226;151;75;71;;;;;;;;;;;;
Wyszanów;0376372;260;123;25;90;54;36;8;137;34;80;51;29;23;;;;;;;;;;;;
Zamysłów;0376389;384;195;48;131;79;52;16;189;40;116;77;39;33;;;;;;;;;;;;
gm. m-w. Wschowa;0812033;21751;10696;2265;7502;4557;2945;929;11055;2168;6588;4243;2345;2299;;;;;;;;;;;;
m. Wschowa;0812034;14467;6994;1435;4919;2954;1965;640;7473;1367;4486;2831;1655;1620;;;;;;;;;;;;
Wschowa;0954685;14467;6994;1435;4919;2954;1965;640;7473;1367;4486;2831;1655;1620;;;;;;;;;;;;
w. Wschowa;0812035;7284;3702;830;2583;1603;980;289;3582;801;2102;1412;690;679;;;;;;;;;;;;
Dębowa Łęka;0377839;650;337;79;232;150;82;26;313;68;184;122;62;61;;;;;;;;;;;;
Hetmanice;0377845;229;128;27;92;59;33;9;101;14;64;38;26;23;;;;;;;;;;;;
Kandlewo;0377851;301;149;34;104;56;48;11;152;32;92;61;31;28;;;;;;;;;;;;
Konradowo;0377868;798;399;75;292;178;114;32;399;107;227;151;76;65;;;;;;;;;;;;
Lgiń;0377874;480;232;47;165;92;73;20;248;54;144;103;41;50;;;;;;;;;;;;
Łęgoń;0377905;228;122;33;77;53;24;12;106;25;57;37;20;24;;;;;;;;;;;;
Łysiny;0377911;308;150;31;110;61;49;9;158;35;91;57;34;32;;;;;;;;;;;;
Nowa Wieś;0377928;261;139;35;95;66;29;9;122;26;76;52;24;20;;;;;;;;;;;;
Olbrachcice;0377940;263;135;35;86;60;26;14;128;31;73;49;24;24;;;;;;;;;;;;
Osowa Sień;0377957;1110;569;136;391;245;146;42;541;113;331;234;97;97;;;;;;;;;;;;
Przyczyna Dolna;0377970;467;247;51;180;122;58;16;220;44;139;94;45;37;;;;;;;;;;;;
Przyczyna Górna;0377986;632;308;76;205;129;76;27;324;78;184;126;58;62;;;;;;;;;;;;
Siedlnica;0377992;844;411;85;292;181;111;34;433;96;242;161;81;95;;;;;;;;;;;;
Tylewice;0378023;536;275;61;196;121;75;18;261;60;157;99;58;44;;;;;;;;;;;;
Wygnańczyce;0378030;177;101;25;66;30;36;10;76;18;41;28;13;17;;;;;;;;;;;;
Gorzów Wielkopolski;0861011;124534;59390;10954;42498;25036;17462;5938;65144;10146;40050;25003;15047;14948;;;;;;;;;;;;
Gorzów Wielkopolski;0935140;;;;;;;;;;;;;;;;;;;;;;;;;
Zielona Góra;0862011;118982;55963;9744;39835;23686;16149;6384;63019;9536;38364;24295;14069;15119;;;;;;;;;;;;
Zielona Góra;0988313;;;;;;;;;;;;;;;;;;;;;;;;;
;;;;;;;;;;;;;;;;;;;;;;;;;;